date,price,log_price,r
2016-02-16,38.0,3.6375861597263857,0.022891603801825866
2016-02-17,38.72,3.656356262408376,0.01877010268199042
2016-02-18,38.85,3.6597080768136565,0.003351814405280429
2016-02-19,38.74,3.65687265797885,-0.0028354188348065357
2016-02-22,39.25,3.6699514442284173,0.013078786249567376
2016-02-23,39.23,3.6694417602214613,-0.0005096840069560571
2016-02-24,39.3,3.6712245188752153,0.0017827586537539908
2016-02-25,39.32,3.671733295278966,0.0005087764037505771
2016-02-26,39.66,3.68034312309165,0.008609827812684046
2016-02-29,39.5,3.676300671907076,-0.004042451184573803
2016-03-01,39.61,3.6790816116338254,0.0027809397267493097
2016-03-02,40.34,3.697343532526066,0.018261920892240546
2016-03-03,40.12,3.691874963093735,-0.005468569432331094
2016-03-04,40.32,3.696847623763113,0.004972660669378293
2016-03-07,40.44,3.6998193941522706,0.002971770389157413
2016-03-08,39.42,3.674273301724574,-0.025546092427696454
2016-03-09,39.73,3.6821065698265074,0.0078332681019333
2016-03-10,39.35,3.6724959748634123,-0.009610594963095132
2016-03-11,40.1,3.6913763343125234,0.01888035944911115
2016-03-14,39.98,3.6883793290722537,-0.00299700524026969
2016-03-15,40.18,3.6933693593867885,0.00499003031453471
2016-03-16,40.22,3.6943643843445058,0.0009950249577173054
2016-03-17,40.88,3.7106409458954492,0.01627656155094348
2016-03-18,40.56,3.702782359282928,-0.007858586612521368
2016-03-21,39.96,3.687878953780353,-0.014903405502574962
2016-03-22,41.21,3.718680945350726,0.03080199157037322
2016-03-23,41.44,3.7242465979512276,0.005565652600501458
2016-03-24,41.02,3.7140597526442347,-0.010186845306992875
2016-03-28,41.67,3.7297814454343623,0.015721692790127584
2016-03-29,43.01,3.7614326467956447,0.03165120136128241
2016-03-30,43.52,3.773220602547687,0.01178795575204239
2016-03-31,43.46,3.7718409748282835,-0.0013796277194035866
2016-04-01,43.37,3.7697679578472747,-0.002073016981008813
2016-04-04,43.74,3.778263015248622,0.00849505740134715
2016-04-05,44.31,3.7912103852113983,0.012947369962776456
2016-04-06,44.66,3.799078246412012,0.007867861200613557
2016-04-07,44.6,3.7977338590260183,-0.0013443873859935174
2016-04-08,43.32,3.76861442213279,-0.02911943689322838
2016-04-11,42.85,3.7577056450437887,-0.010908777089001287
2016-04-12,42.4,3.7471483622379123,-0.010557282805876422
2016-04-13,43.04,3.762129915853529,0.014981553615616594
2016-04-14,43.19,3.7656089869726097,0.0034790711190808565
2016-04-15,42.95,3.7600366484302645,-0.005572338542345179
2016-04-18,42.73,3.7549012496559335,-0.0051353987743310014
2016-04-19,42.38,3.746676552840153,-0.008224696815780419
2016-04-20,42.95,3.7600366484302645,0.01336009559011142
2016-04-21,42.15,3.7412346844478646,-0.018801963982399972
2016-04-22,42.48,3.749033376933683,0.007798692485818659
2016-04-25,42.46,3.74856245627511,-0.0004709206585733483
2016-04-26,42.66,3.753261713043204,0.004699256768094351
2016-04-27,42.48,3.749033376933683,-0.004228336109521003
2016-04-28,47.92,3.869532953807194,0.12049957687351087
2016-04-29,47.61,3.8630428232064276,-0.0064901306007665305
2016-05-02,46.98,3.849721979230767,-0.01332084397566069
2016-05-03,46.63,3.8422441108202294,-0.007477868410537436
2016-05-04,46.11,3.8310298462186143,-0.01121426460161512
2016-05-05,45.06,3.8079949350040985,-0.02303491121451584
2016-05-06,45.38,3.8150714793516958,0.007076544347597302
2016-05-09,45.17,3.8104331496665127,-0.0046383296851830735
2016-05-10,45.64,3.8207845249938748,0.010351375327362078
2016-05-11,45.53,3.818371449346691,-0.002413075647183849
2016-05-12,45.51,3.8179320820285505,-0.00043936731814042673
2016-05-13,45.55,3.8188106237059674,0.0008785416774168553
2016-05-16,45.56,3.8190301385789813,0.00021951487301397066
2016-05-17,44.71,3.800197190245889,-0.018832948333092236
2016-05-18,44.53,3.796163119333611,-0.004034070912278143
2016-05-19,44.24,3.7896293572140793,-0.006533762119531605
2016-05-20,44.97,3.805995600782616,0.016366243568536554
2016-05-23,45.69,3.8218794555751803,0.015883854792564378
2016-05-24,46.07,3.830161978947826,0.008282523372645567
2016-05-25,46.25,3.834061463958434,0.003899485010608217
2016-05-26,46.92,3.848444023785275,0.01438255982684078
2016-05-27,46.96,3.849296175519841,0.0008521517345663199
2016-05-31,47.45,3.859676525055937,0.010380349536095679
2016-06-01,48.03,3.871825815676733,0.012149290620796283
2016-06-02,48.2,3.8753590210565547,0.0035332053798216023
2016-06-03,47.85,3.8680711178989635,-0.007287903157591202
2016-06-06,48.4,3.879499813722586,0.01142869582362227
2016-06-07,47.92,3.869532953807194,-0.009966859915391701
2016-06-08,48.04,3.872033997211783,0.0025010434045888985
2016-06-09,47.95,3.8701588013294472,-0.0018751958823357562
2016-06-10,47.75,3.865979066926739,-0.004179734402708135
2016-06-13,46.92,3.848444023785275,-0.017535043141464257
2016-06-14,47.39,3.858411235979497,0.009967212194222252
2016-06-15,46.76,3.8450281366038674,-0.013383099375629648
2016-06-16,47.04,3.8509983035903717,0.005970166986504211
2016-06-17,46.93,3.8486571298063263,-0.002341173784045303
2016-06-20,47.81,3.867234822638012,0.018577692831685866
2016-06-21,48.52,3.8819760840758493,0.01474126143783705
2016-06-22,48.37,3.878879786834892,-0.003096297240957391
2016-06-23,49.01,3.8920243589214563,0.013144572086564388
2016-06-24,47.05,3.8512108660313884,-0.04081349289006786
2016-06-27,46.18,3.8325468039263493,-0.018664062105039125
2016-06-28,46.77,3.845241971737795,0.012695167811445529
2016-06-29,47.2,3.8543938925915096,0.009151920853714746
2016-06-30,47.85,3.8680711178989635,0.013677225307453966
2016-07-01,47.64,3.8636727444870993,-0.00439837341186422
2016-07-05,47.05,3.8512108660313884,-0.012461878455710895
2016-07-06,47.03,3.8507856959569566,-0.0004251700744317688
2016-07-07,47.73,3.865560131017805,0.014774435060848301
2016-07-08,48.83,3.888344878073569,0.022784747055764054
2016-07-11,49.35,3.8989377658794906,0.010592887805921603
2016-07-12,48.97,3.891207865714226,-0.007729900165264425
2016-07-13,48.58,3.8832119235740263,-0.00799594214019983
2016-07-14,48.8,3.8877303128591016,0.004518389285075308
2016-07-15,49.05,3.892840186011372,0.0051098731522705165
2016-07-18,49.38,3.8995454839170334,0.006705297905661212
2016-07-19,48.94,3.8905950580145254,-0.008950425902507941
2016-07-20,49.35,3.8989377658794906,0.00834270786496516
2016-07-21,49.28,3.8975183192252643,-0.0014194466542263307
2016-07-22,49.62,3.9043939782636548,0.006875659038390491
2016-07-25,50.01,3.9122229854308124,0.00782900716715762
2016-07-26,50.41,3.9201895680945396,0.007966582663727184
2016-07-27,49.96,3.911222685257377,-0.008966882837162515
2016-07-28,49.93,3.910622024512518,-0.000600660744859205
2016-07-29,50.31,3.9182038645032273,0.0075818399907094935
2016-08-01,49.73,3.906608372726647,-0.011595491776580147
2016-08-02,48.86,3.8889590658295945,-0.017649306897052686
2016-08-03,48.75,3.886705197443856,-0.002253868385738489
2016-08-04,48.95,3.8907993689765195,0.004094171532663449
2016-08-05,50.32,3.918402612392185,0.027603243415665446
2016-08-08,49.91,3.9102213834815176,-0.008181228910667304
2016-08-09,49.86,3.9092190780954117,-0.0010023053861059061
2016-08-10,49.73,3.906608372726647,-0.00261070536876451
2016-08-11,49.68,3.905602437625223,-0.0010059351014239937
2016-08-12,49.7,3.906004933102583,0.00040249547735982105
2016-08-15,49.73,3.906608372726647,0.0006034396240641726
2016-08-16,49.06,3.893044038830343,-0.01356433389630407
2016-08-17,49.42,3.900355200560464,0.007311161730120919
2016-08-18,49.83,3.908617212293313,0.008262011732849128
2016-08-19,50.21,3.916214210046614,0.007596997753300805
2016-08-22,50.1,3.914021008090819,-0.0021932019557948657
2016-08-23,50.41,3.9201895680945396,0.006168560003720458
2016-08-24,50.15,3.9150185144079446,-0.005171053686594984
2016-08-25,50.06,3.913222286003628,-0.00179622840431648
2016-08-26,49.87,3.9094196195580313,-0.003802666445596792
2016-08-29,49.92,3.9104217240611723,0.001002104503140977
2016-08-30,49.09,3.893655348069961,-0.016766375991211113
2016-08-31,48.94,3.8905950580145254,-0.0030602900554357326
2016-09-01,48.96,3.8910036382040705,0.00040858018954503805
2016-09-02,49.65,3.9049983904911816,0.013994752287111112
2016-09-06,49.92,3.9104217240611723,0.005423333569990696
2016-09-07,50.04,3.9128226855987105,0.0024009615375382154
2016-09-08,49.99,3.911822985425479,-0.000999700173231588
2016-09-09,48.84,3.888549649242504,-0.02327333618297489
2016-09-12,48.87,3.8891637112820634,0.0006140620395593821
2016-09-13,49.08,3.8934516198427107,0.004287908560647313
2016-09-14,49.45,3.900962058068721,0.007510438226010496
2016-09-15,50.57,3.9233585150918917,0.022396457023170502
2016-09-16,50.73,3.9265174515785985,0.0031589364867068426
2016-09-19,51.23,3.936325297951111,0.009807846372512419
2016-09-20,52.24,3.955848484968176,0.019523187017064902
2016-09-21,53.46,3.978933710710773,0.023085225742597082
2016-09-22,54.19,3.9924963895780228,0.013562678867249822
2016-09-23,53.79,3.985087576285151,-0.007408813292871574
2016-09-26,53.91,3.9873159894635775,0.0022284131784262584
2016-09-27,54.36,3.995628589282943,0.008312599819365385
2016-09-28,54.54,3.9989343774174424,0.0033057881344995543
2016-09-29,53.85,3.9862024036023977,-0.01273197381504465
2016-09-30,54.29,3.9943400479173596,0.00813764431496189
2016-10-03,54.22,3.9930498440705193,-0.0012902038468403099
2016-10-04,53.92,3.987501466604052,-0.0055483774664675245
2016-10-05,54.3,3.9945242269398897,0.00702276033583793
2016-10-06,54.96,4.006605647914094,0.012081420974204615
2016-10-07,54.43,3.9969154724461085,-0.009690175467985895
2016-10-10,54.5,3.9982007016691985,0.0012852292230900453
2016-10-11,53.4,3.977810745966149,-0.020389955703049356
2016-10-12,52.68,3.9642358768750805,-0.013574869091068642
2016-10-13,51.46,3.940804806853598,-0.02343107002148237
2016-10-14,51.19,3.935544200469492,-0.005260606384106303
2016-10-17,51.42,3.9400272018377436,0.004483001368251749
2016-10-18,51.46,3.940804806853598,0.0007776050158545544
2016-10-19,50.87,3.9292733588346738,-0.011531448018924362
2016-10-20,49.54,3.9027804240612136,-0.026492934773460153
2016-10-21,49.83,3.908617212293313,0.0058367882320995434
2016-10-24,50.01,3.9122229854308124,0.003605773137499213
2016-10-25,50.02,3.912422925449473,0.00019994001866052713
2016-10-26,49.88,3.909620120811836,-0.0028028046376369353
2016-10-27,48.3,3.877431560658527,-0.032188560153309176
2016-10-28,47.57,3.8622023104441903,-0.01522925021433652
2016-10-31,47.59,3.862622655133019,0.0004203446888286777
2016-11-01,47.04,3.8509983035903717,-0.011624351542647293
2016-11-02,46.68,3.8433158074183553,-0.007682496172016329
2016-11-03,46.75,3.844814255734696,0.001498448316340717
2016-11-04,46.49,3.8392372357024933,-0.005577020032202729
2016-11-07,47.0,3.8501476017100584,0.01091036600756512
2016-11-08,47.54,3.861571461932048,0.01142386022198938
2016-11-09,47.47,3.8600979325632268,-0.0014735293688210582
2016-11-10,47.06,3.8514233832992164,-0.008674549264010345
2016-11-11,47.39,3.858411235979497,0.006987852680280682
2016-11-14,47.3,3.856510295497887,-0.0019009404816099362
2016-11-15,47.25,3.855452653939752,-0.0010576415581353693
2016-11-16,47.45,3.859676525055937,0.004223871116185052
2016-11-17,47.21,3.8546057345581954,-0.005070790497741395
2016-11-18,47.0,3.8501476017100584,-0.004458132848137009
2016-11-21,47.0,3.8501476017100584,0.0
2016-11-22,47.03,3.8507856959569566,0.000638094246898202
2016-11-23,46.94,3.8488701904228773,-0.0019155055340793758
2016-11-25,47.09,3.8520606642554633,0.0031904738325860826
2016-11-28,46.7,3.8437441646748516,-0.008316499580611758
2016-11-29,46.7,3.8437441646748516,0.0
2016-11-30,46.15,3.8318969609488613,-0.01184720372599024
2016-12-01,46.13,3.8314634975697293,-0.0004334633791320819
2016-12-02,46.13,3.8314634975697293,0.0
2016-12-05,46.03,3.82929335782915,-0.0021701397405791134
2016-12-06,45.96,3.827771452980555,-0.001521904848595046
2016-12-07,46.73,3.844386356712335,0.016614903731779762
2016-12-08,46.77,3.845241971737795,0.0008556150254599437
2016-12-09,46.84,3.8467375387295166,0.0014955669917218195
2016-12-12,46.65,3.8426729272933526,-0.0040646114361639896
2016-12-13,46.5,3.8394523125933104,-0.0032206147000422014
2016-12-14,46.03,3.82929335782915,-0.010158954764160288
2016-12-15,45.5,3.817712325956905,-0.011581031872245351
2016-12-16,45.86,3.8255932774297583,0.007880951472853504
2016-12-19,45.88,3.82602929226117,0.00043601483141175734
2016-12-20,46.15,3.8318969609488613,0.005867668687691285
2016-12-21,46.3,3.835141961092188,0.0032450001433268483
2016-12-22,46.08,3.830379016387636,-0.004762944704552297
2016-12-23,45.93,3.8271184983377022,-0.0032605180499336583
2016-12-27,46.07,3.830161978947826,0.0030434806101236056
2016-12-28,45.55,3.8188106237059674,-0.011351355241858485
2016-12-29,45.94,3.8273361972609523,0.008525573554984955
2016-12-30,45.19,3.810875823423188,-0.01646037383776422
2017-01-03,46.06,3.8299448943925394,0.019069070969351287
2017-01-04,46.93,3.8486571298063263,0.01871223541378697
2017-01-05,48.1,3.8732821771117156,0.02462504730538928
2017-01-06,47.88,3.8686978806897723,-0.004584296421943357
2017-01-09,48.02,3.8716175907931074,0.002919710103335138
2017-01-10,48.1,3.8732821771117156,0.0016645863186082188
2017-01-11,48.16,3.8745288010005656,0.0012466238888499959
2017-01-12,48.27,3.8768102496724017,0.002281448671836106
2017-01-13,48.68,3.8852682681193262,0.008458018446924509
2017-01-17,48.94,3.8905950580145254,0.005326789895199191
2017-01-18,48.6,3.883623530906448,-0.006971527108077247
2017-01-19,48.85,3.888754378488792,0.005130847582343723
2017-01-20,49.0,3.8918202981106265,0.0030659196218345564
2017-01-23,49.01,3.8920243589214563,0.0002040608108297981
2017-01-24,49.37,3.8993429522707714,0.007318593349315172
2017-01-25,49.65,3.9049983904911816,0.005655438220410147
2017-01-26,48.59,3.883417748417812,-0.021580642073369738
2017-01-27,47.89,3.868906714354518,-0.014511034063293682
2017-01-30,47.96,3.8703673301593136,0.0014606158047953954
2017-01-31,47.91,3.8693242508950307,-0.0010430792642828202
2017-02-01,48.0,3.871201010907891,0.0018767600128604123
2017-02-02,47.95,3.8701588013294472,-0.00104220957844392
2017-02-03,48.22,3.875773872753025,0.0056150714235778665
2017-02-06,48.27,3.8768102496724017,0.001036376919376636
2017-02-07,47.61,3.8630428232064276,-0.013767426465974175
2017-02-08,47.56,3.861992071822581,-0.001050751383846471
2017-02-09,48.72,3.8860896234016415,0.02409755157906046
2017-02-10,48.78,3.887320392787774,0.0012307693861326463
2017-02-13,49.48,3.901568547524287,0.014248154736512753
2017-02-14,49.35,3.8989377658794906,-0.002630781644796354
2017-02-15,49.45,3.900962058068721,0.0020242921892306143
2017-02-16,49.41,3.9001528328576587,-0.0008092252110625253
2017-02-17,49.45,3.900962058068721,0.0008092252110625253
2017-02-21,49.65,3.9049983904911816,0.004036332422460376
2017-02-22,49.92,3.9104217240611723,0.005423333569990696
2017-02-23,48.93,3.8903907053010323,-0.020031018760140018
2017-02-24,49.04,3.892636291627956,0.002245586326923732
2017-02-27,49.62,3.9043939782636548,0.01175768663569876
2017-02-28,48.89,3.889572876590554,-0.014821101673100578
2017-03-01,50.07,3.9134220263418533,0.023849149751299148
2017-03-02,50.48,3.9215772182329576,0.008155191891104252
2017-03-03,49.71,3.906206120106581,-0.015371098126376381
2017-03-06,50.06,3.913222286003628,0.0070161658970469
2017-03-07,50.5,3.9219733362813143,0.00875105027768619
2017-03-08,50.26,3.917209532115446,-0.004763804165868191
2017-03-09,50.4,3.919991175077323,0.0027816429618767735
2017-03-10,50.9,3.929862923556477,0.009871748479154174
2017-03-13,50.78,3.9275025762765323,-0.002360347279944719
2017-03-14,50.61,3.9241491852259864,-0.003353391050545884
2017-03-15,51.46,3.940804806853598,0.016655621627611694
2017-03-16,51.7,3.9454577815143836,0.004652974660785514
2017-03-17,51.84,3.9481620520440193,0.0027042705296356218
2017-03-20,51.71,3.94565118640813,-0.0025108656358892034
2017-03-21,51.01,3.932021691934835,-0.01362949447329509
2017-03-22,51.06,3.9330014118133376,0.0009797198785026495
2017-03-23,51.17,3.9351534228170006,0.0021520110036630236
2017-03-24,51.24,3.9365204770285334,0.0013670542115327144
2017-03-27,51.2,3.9357395320454622,-0.0007809449830711301
2017-03-28,51.52,3.9419700817960983,0.006230549750636083
2017-03-29,52.21,3.955274047422461,0.01330396562636249
2017-03-30,52.08,3.9527809979003137,-0.0024930495221471283
2017-03-31,52.41,3.959097412814075,0.006316414913761115
2017-04-03,51.53,3.942164162340133,-0.016933250473941897
2017-04-04,51.75,3.9464244321454784,0.004260269805345551
2017-04-05,51.12,3.9341758100692794,-0.012248622076199034
2017-04-06,51.07,3.9331972406595526,-0.0009785694097268482
2017-04-07,52.05,3.952204795060978,0.01900755440142543
2017-04-10,51.42,3.9400272018377436,-0.012177593223234418
2017-04-11,51.37,3.9390543444791764,-0.0009728573585672251
2017-04-12,50.99,3.9316295350670645,-0.007424809412111877
2017-04-13,50.95,3.9308447596687337,-0.0007847753983307726
2017-04-17,51.77,3.94681083091381,0.015966071245076208
2017-04-18,51.63,3.9441028988915576,-0.0027079320222522796
2017-04-19,51.14,3.9345669698630408,-0.009535929028516854
2017-04-20,51.64,3.944296565978442,0.00972959611540114
2017-04-21,51.57,3.9429401080628677,-0.0013564579155742607
2017-04-24,52.58,3.9623358193017353,0.01939571123886763
2017-04-25,53.09,3.97198858659558,0.0096527672938449
2017-04-26,52.42,3.95928819789526,-0.012700388700320087
2017-04-27,53.03,3.970857791149039,0.01156959325377871
2017-04-28,52.73,3.9651845535423784,-0.005673237606660386
2017-05-01,51.2,3.9357395320454622,-0.02944502149691619
2017-05-02,51.84,3.9481620520440193,0.012422519998557036
2017-05-03,51.37,3.9390543444791764,-0.009107707564842915
2017-05-04,51.5,3.9415818076696905,0.002527463190514112
2017-05-05,51.69,3.945264339207948,0.003682531538257372
2017-05-08,51.66,3.9446837876676946,-0.0005805515402532713
2017-05-09,51.43,3.940221659786825,-0.004462127880869637
2017-05-10,51.92,3.9497040723958348,0.009482412609009838
2017-05-11,51.69,3.945264339207948,-0.0044397331878869295
2017-05-12,51.25,3.9367156180185177,-0.008548721189430175
2017-05-15,51.25,3.9367156180185177,0.0
2017-05-16,51.02,3.9322177127136655,-0.004497905304852168
2017-05-17,50.18,3.9156165409382764,-0.016601171775389112
2017-05-18,49.96,3.911222685257377,-0.004393855680899339
2017-05-19,50.59,3.923753928303845,0.01253124304646791
2017-05-22,51.15,3.9347624923976356,0.011008564093790696
2017-05-23,50.78,3.9275025762765323,-0.007259916121103327
2017-05-24,50.43,3.920586236088634,-0.006916340187898218
2017-05-25,50.38,3.919594270924464,-0.0009919651641698835
2017-05-26,51.0,3.9318256327243257,0.012231361799861507
2017-05-30,51.08,3.9333930311643384,0.001567398440012635
2017-05-31,50.39,3.9197927426925068,-0.01360028847183159
2017-06-01,51.65,3.9444901955656477,0.024697452873140957
2017-06-02,51.86,3.9485477801105184,0.004057584544870707
2017-06-05,51.68,3.945070859474346,-0.0034769206361722205
2017-06-06,51.1,3.933784497209659,-0.011286362264687266
2017-06-07,50.43,3.920586236088634,-0.013198261121024846
2017-06-08,50.14,3.914819092730147,-0.005767143358486937
2017-06-09,50.15,3.9150185144079446,0.00019942167779740672
2017-06-12,49.95,3.9110225050945626,-0.003996009313381954
2017-06-13,50.5,3.9219733362813143,0.010950831186751664
2017-06-14,50.11,3.914220588971633,-0.007752747309681229
2017-06-15,49.91,3.9102213834815176,-0.003999205490115454
2017-06-16,49.37,3.8993429522707714,-0.010878431210746164
2017-06-19,50.29,3.9178062501838733,0.01846329791310186
2017-06-20,49.89,3.909820581872946,-0.007985668310927174
2017-06-21,49.66,3.9051997800800207,-0.004620801792925455
2017-06-22,49.65,3.9049983904911816,-0.00020138958883908487
2017-06-23,50.02,3.912422925449473,0.007424534958291318
2017-06-26,50.4,3.919991175077323,0.007568249627849966
2017-06-27,49.3,3.8979240810486444,-0.022067094028678458
2017-06-28,50.0,3.912023005428146,0.014098924379501554
2017-06-29,49.47,3.901366425239617,-0.010656580188528775
2017-06-30,48.96,3.8910036382040705,-0.010362787035546717
2017-07-03,48.99,3.8916161956504833,0.0006125574464128647
2017-07-05,49.36,3.8991403795971324,0.00752418394664911
2017-07-06,49.32,3.8983296782961436,-0.0008107013009888142
2017-07-07,50.25,3.917010546939185,0.018680868643041304
2017-07-10,50.35,3.9189986191645714,0.001988072225386439
2017-07-11,50.68,3.925531355452938,0.006532736288366703
2017-07-12,51.28,3.9373008126124147,0.011769457159476637
2017-07-13,51.31,3.9378856649538734,0.0005848523414586637
2017-07-14,51.36,3.9388596593817056,0.0009739944278321921
2017-07-17,53.96,3.988243031339555,0.04938337195784959
2017-07-18,52.54,3.961574784257394,-0.02666824708216131
2017-07-19,53.11,3.972365234434308,0.010790450176914046
2017-07-20,53.37,3.9772487903458535,0.004883555911545656
2017-07-21,52.77,3.9659428474175766,-0.011305942928276913
2017-07-24,53.39,3.9776234625120948,0.01168061509451812
2017-07-25,52.88,3.9680251955434307,-0.00959826696866406
2017-07-26,54.69,4.001680877358681,0.03365568181525047
2017-07-27,53.1,3.9721769282478934,-0.029503949110787797
2017-07-28,52.57,3.9621456148313565,-0.010031313416536847
2017-07-31,51.75,3.9464244321454784,-0.015721182685878077
2017-08-01,52.63,3.9632862993656874,0.016861867220208993
2017-08-02,51.32,3.938080539747436,-0.025205759618251555
2017-08-03,51.41,3.9398327060674134,0.001752166319977544
2017-08-04,51.15,3.9347624923976356,-0.005070213669777779
2017-08-07,51.17,3.9351534228170006,0.0003909304193649987
2017-08-08,50.92,3.930255773689206,-0.004897649127794779
2017-08-09,51.08,3.9333930311643384,0.0031372574751324933
2017-08-10,49.99,3.911822985425479,-0.021570045738859456
2017-08-11,50.0,3.912023005428146,0.00020002000266705622
2017-08-14,50.31,3.9182038645032273,0.0061808590750813686
2017-08-15,49.65,3.9049983904911816,-0.013205474012045748
2017-08-16,49.52,3.9023766283763406,-0.0026217621148409975
2017-08-17,48.68,3.8852682681193262,-0.017108360257014343
2017-08-18,48.42,3.8799129515099127,-0.005355316609413574
2017-08-21,48.25,3.876395827784995,-0.003517123724917859
2017-08-22,48.76,3.8869103046130706,0.010514476828075825
2017-08-23,49.09,3.893655348069961,0.0067450434568905315
2017-08-24,49.11,3.894062680051153,0.00040733198119191627
2017-08-25,50.17,3.9154172384961616,0.021354558445008553
2017-08-28,49.89,3.909820581872946,-0.005596656623215512
2017-08-29,49.49,3.901770628963795,-0.008049952909151337
2017-08-30,49.82,3.9084165098340344,0.006645880870239651
2017-08-31,50.46,3.921180943212912,0.012764433378877449
2017-09-01,50.71,3.926123129806928,0.004942186594016018
2017-09-05,50.69,3.925728652484258,-0.0003944773226698395
2017-09-06,50.7,3.9259259105971376,0.000197258112879517
2017-09-07,50.18,3.9156165409382764,-0.0103093696588612
2017-09-08,50.49,3.921775296870824,0.006158755932547777
2017-09-11,51.5,3.9415818076696905,0.019806510798866306
2017-09-12,53.94,3.987872317711584,0.04629051004189355
2017-09-13,59.07,4.078723181319144,0.09085086360755978
2017-09-14,58.19,4.063713518668578,-0.01500966265056558
2017-09-15,58.29,4.0654305520574585,0.0017170333888802958
2017-09-18,58.67,4.071928522937768,0.0064979708803099
2017-09-19,57.92,4.059062748077461,-0.012865774860307155
2017-09-20,58.3,4.065602093356446,0.0065393452789850315
2017-09-21,57.94,4.059407992341204,-0.006194101015242204
2017-09-22,58.18,4.063541653067055,0.004133660725851307
2017-09-25,58.19,4.063713518668578,0.00017186560152282482
2017-09-26,57.08,4.0444537926086355,-0.01925972605994275
2017-09-27,57.57,4.053001598687718,0.008547806079082676
2017-09-28,57.69,4.055083848268798,0.0020822495810799424
2017-09-29,57.52,4.052132713412791,-0.002951134856006732
2017-10-02,57.86,4.058026299547989,0.005893586135197637
2017-10-03,58.16,4.063197833225264,0.005171533677274631
2017-10-04,57.95,4.059580569785761,-0.003617263439502416
2017-10-05,57.71,4.055430468722875,-0.004150101062886158
2017-10-06,57.42,4.050392674692918,-0.005037794029957077
2017-10-09,57.93,4.059235385108533,0.008842710415614796
2017-10-10,57.8,4.056988775678332,-0.002246609430200941
2017-10-11,58.12,4.062509838702082,0.00552106302375055
2017-10-12,58.95,4.07668962698338,0.014179788281297512
2017-10-13,59.36,4.083620598859125,0.0069309718757448735
2017-10-16,59.48,4.085640121591954,0.0020195227328292376
2017-10-17,59.2,4.0809215418899605,-0.004718579701993519
2017-10-18,60.17,4.09717388923226,0.016252347342299522
2017-10-19,59.54,4.086648355587631,-0.01052553364462927
2017-10-20,59.77,4.0905038628361625,0.0038555072485317865
2017-10-23,59.84,4.091674333666222,0.0011704708300595001
2017-10-24,60.77,4.107096246147264,0.015421912481041744
2017-10-25,59.98,4.094011173320863,-0.013085072826401145
2017-10-26,57.53,4.052306550875202,-0.04170462244566053
2017-10-27,57.38,4.049695810553219,-0.0026107403219830516
2017-10-30,57.68,4.054910492976694,0.00521468242347467
2017-10-31,57.94,4.059407992341204,0.004497499364510382
2017-11-01,58.35,4.066459358732565,0.007051366391360503
2017-11-02,58.65,4.0715875750994845,0.005128216366919958
2017-11-03,58.98,4.07719840338713,0.005610828287645475
2017-11-06,59.17,4.080414656688602,0.0032162533014723493
2017-11-07,59.03,4.078045789252598,-0.002368867436004507
2017-11-08,59.36,4.083620598859125,0.005574809606526898
2017-11-09,59.64,4.088326489896538,0.004705891037413146
2017-11-10,60.65,4.105119635390059,0.016793145493521067
2017-11-13,60.05,4.095177548525992,-0.009942086864066724
2017-11-14,61.0,4.110873864173311,0.015696315647319103
2017-11-15,61.06,4.111856987306732,0.000983123133420527
2017-11-16,60.95,4.110053855927281,-0.001803131379451095
2017-11-17,61.49,4.118874559965378,0.008820704038097205
2017-11-20,61.87,4.125035409542898,0.0061608495775198335
2017-11-21,62.47,4.134686441505479,0.00965103196258088
2017-11-22,62.85,4.140750935036256,0.006064493530777426
2017-11-24,63.25,4.1470951276076295,0.006344192571373419
2017-11-27,62.66,4.137723285524046,-0.009371842083583992
2017-11-28,62.92,4.1418640781900775,0.004140792666031956
2017-11-29,61.7,4.122283930911342,-0.01958014727873536
2017-11-30,62.18,4.130033404630607,0.007749473719265154
2017-12-01,62.02,4.127456913672303,-0.002576490958304589
2017-12-04,61.82,4.124226936703971,-0.00322997696833216
2017-12-05,61.4,4.117409835153096,-0.006817101550874227
2017-12-06,61.17,4.113656873254474,-0.003752961898622509
2017-12-07,61.1,4.11251186617755,-0.0011450070769241094
2017-12-08,61.79,4.123741539072888,0.011229672895338716
2017-12-11,61.89,4.12535861575127,0.0016170766783814017
2017-12-12,61.3,4.115779842942166,-0.00957877280910413
2017-12-13,61.41,4.1175726883413075,0.001792845399141818
2017-12-14,60.99,4.110709916308365,-0.006862772032942388
2017-12-15,62.32,4.132282401562493,0.02157248525412747
2017-12-18,62.6,4.136765278106052,0.004482876543559833
2017-12-19,62.44,4.134206095647231,-0.002559182458821141
2017-12-20,62.57,4.136285930010272,0.0020798343630410443
2017-12-21,62.21,4.130515758526928,-0.005770171483344022
2017-12-22,62.25,4.131158535344817,0.0006427768178882687
2017-12-26,61.87,4.125035409542898,-0.006123125801918761
2017-12-27,61.85,4.124712098838497,-0.0003233107044007255
2017-12-28,61.93,4.1260047149499695,0.0012926161114723556
2017-12-29,62.0,4.127134385045092,0.001129670095122215
2018-01-02,63.04,4.143769445549624,0.016635060504532007
2018-01-03,63.21,4.146462516484207,0.0026930709345833748
2018-01-04,63.07,4.14424522067556,-0.002217295808646824
2018-01-05,63.52,4.1513548169388805,0.007109596263320306
2018-01-08,63.4,4.14946386144318,-0.0018909554957007302
2018-01-09,62.72,4.138680376042152,-0.010783485401027804
2018-01-10,62.26,4.131319165013462,-0.007361211028690029
2018-01-11,64.29,4.163404098153595,0.03208493314013339
2018-01-12,65.35,4.179757440070231,0.016353341916635955
2018-01-16,63.11,4.144879235596148,-0.03487820447408296
2018-01-17,64.06,4.159820144181012,0.014940908584863521
2018-01-18,63.96,4.158257887965753,-0.0015622562152586283
2018-01-19,64.05,4.1596640283427435,0.0014061403769902725
2018-01-22,64.04,4.159507888128514,-0.00015614021422916124
2018-01-23,64.67,4.169297415458502,0.00978952732998728
2018-01-24,64.41,4.165268900558799,-0.004028514899702351
2018-01-25,70.19,4.2512058507423305,0.0859369501835312
2018-01-26,66.98,4.204394067366058,-0.04681178337627223
2018-01-29,66.04,4.190260619051927,-0.014133448314130881
2018-01-30,64.7,4.169761201506855,-0.02049941754507234
2018-01-31,64.34,4.16418152181088,-0.005579679695975059
2018-02-01,64.08,4.160132302760104,-0.004049219050775932
2018-02-02,63.37,4.148990563335426,-0.011141739424678221
2018-02-05,61.85,4.124712098838497,-0.02427846449692872
2018-02-06,63.49,4.150882413182359,0.026170314343861634
2018-02-07,63.08,4.1444037620948375,-0.0064786510875212144
2018-02-08,59.98,4.094011173320863,-0.0503925887739749
2018-02-09,60.19,4.0975062255596795,0.0034950522388168537
2018-02-12,62.44,4.134206095647231,0.03669987008755182
2018-02-13,62.52,4.135486505553276,0.0012804099060446106
2018-02-14,63.04,4.143769445549624,0.008282939996347771
2018-02-15,63.46,4.150409786155049,0.006640340605425621
2018-02-16,63.37,4.148990563335426,-0.001419222819623478
2018-02-20,63.54,4.15166962884137,0.0026790655059443225
2018-02-21,62.32,4.132282401562493,-0.01938722727887754
2018-02-22,61.86,4.124873767256924,-0.0074086343055688175
2018-02-23,62.26,4.131319165013462,0.006445397756538185
2018-02-26,65.27,4.178532512647126,0.04721334763366425
2018-02-27,63.34,4.148517041110494,-0.030015471536632532
2018-02-28,64.55,4.167440117292651,0.018923076182157494
2018-03-01,64.25,4.162781723775329,-0.0046583935173218904
2018-03-02,64.75,4.1705337005796475,0.007751976804318161
2018-03-05,65.64,4.18418526622189,0.01365156564224268
2018-03-06,65.37,4.180063437624638,-0.004121828597251742
2018-03-07,65.61,4.1837281233567865,0.0036646857321480653
2018-03-08,65.63,4.184032908485631,0.00030478512884446474
2018-03-09,66.09,4.191017449482361,0.006984540996730182
2018-03-12,67.07,4.205736850111646,0.014719400629284785
2018-03-13,67.29,4.209011637200227,0.003274787088581199
2018-03-14,67.76,4.215972050343799,0.006960413143572097
2018-03-15,67.73,4.215529213226812,-0.0004428371169868939
2018-03-16,67.79,4.216414691442874,0.0008854782160616637
2018-03-19,66.33,4.194642283537465,-0.021772407905409352
2018-03-20,65.65,4.184337600748806,-0.010304682788659036
2018-03-21,66.59,4.198554416122531,0.014216815373725211
2018-03-22,65.23,4.177919485808005,-0.020634930314526123
2018-03-23,64.05,4.1596640283427435,-0.018255457465261138
2018-03-26,64.77,4.170842533194826,0.01117850485208205
2018-03-27,63.58,4.152298955482657,-0.018543577712168968
2018-03-28,62.75,4.139158578011894,-0.01314037747076302
2018-03-29,63.56,4.151984341668515,0.012825763656621803
2018-04-02,62.28,4.131640346965797,-0.02034399470271797
2018-04-03,62.97,4.142658422500651,0.0110180755348539
2018-04-04,63.4,4.14946386144318,0.006805438942528497
2018-04-05,64.6,4.168214410788556,0.018750549345376122
2018-04-06,63.01,4.143293443953964,-0.024920966834591773
2018-04-09,64.22,4.162314688661368,0.019021244707404072
2018-04-10,66.08,4.190866129212723,0.028551440551354723
2018-04-11,66.11,4.191320021345486,0.0004538921327634782
2018-04-12,67.12,4.206482062158951,0.015162040813464728
2018-04-13,67.54,4.212720014957422,0.006237952798470836
2018-04-16,67.28,4.208863015664693,-0.003856999292729313
2018-04-17,68.02,4.21980177957905,0.010938763914356997
2018-04-18,69.06,4.234975691961846,0.01517391238279675
2018-04-19,68.71,4.229894749042985,-0.005080942918861631
2018-04-20,67.87,4.217594110715667,-0.01230063832731787
2018-04-23,67.32,4.209457369322605,-0.008136741393061975
2018-04-24,65.86,4.187531276948218,-0.02192609237438692
2018-04-25,62.22,4.130676491469491,-0.05685478547872691
2018-04-26,61.15,4.113329862133181,-0.017346629336310038
2018-04-27,60.49,4.102478062118823,-0.010851800014358481
2018-04-30,59.82,4.091340053201802,-0.01113800891702077
2018-05-01,60.62,4.104624871629657,0.013284818427854894
2018-05-02,61.1,4.11251186617755,0.00788699454789299
2018-05-03,61.21,4.114310574862978,0.0017987086854285295
2018-05-04,61.09,4.112348186661675,-0.0019623882013029004
2018-05-07,61.79,4.123741539072888,0.011393352411213087
2018-05-08,61.79,4.123741539072888,0.0
2018-05-09,62.05,4.127940511650616,0.004198972577727389
2018-05-10,62.7,4.138361447638875,0.010420935988259217
2018-05-11,62.75,4.139158578011894,0.0007971303730185397
2018-05-14,62.54,4.135806352029695,-0.0033522259821987532
2018-05-15,62.61,4.136925009757219,0.0011186577275239529
2018-05-16,62.82,4.140273494110501,0.003348484353281833
2018-05-17,62.55,4.13596623691292,-0.004307257197580405
2018-05-18,62.47,4.134686441505479,-0.0012797954074414974
2018-05-21,62.43,4.134045929073653,-0.0006405124318256128
2018-05-22,61.83,4.124388683570477,-0.009657245503175815
2018-05-23,61.49,4.118874559965378,-0.005514123605099286
2018-05-24,61.57,4.120174738923119,0.0013001789577407052
2018-05-25,61.44,4.118061088839417,-0.0021136500837020122
2018-05-29,61.82,4.124226936703971,0.006165847864553875
2018-05-30,62.56,4.136126096237056,0.011899159533085069
2018-05-31,62.8,4.139955073474153,0.0038289772370969644
2018-06-01,62.97,4.142658422500651,0.0027033490264987137
2018-06-04,62.89,4.141387168555412,-0.0012712539452390814
2018-06-05,64.02,4.159195534541717,0.017808365986304864
2018-06-06,64.53,4.167130231947748,0.007934697406031255
2018-06-07,64.5,4.1666652238017265,-0.00046500814602179474
2018-06-08,64.31,4.163715140146772,-0.0029500836549543052
2018-06-11,64.37,4.164647686064525,0.000932545917752492
2018-06-12,64.14,4.161068194265009,-0.003579491799515999
2018-06-13,64.61,4.168369197570074,0.0073010033050655565
2018-06-14,65.32,4.179298268102264,0.010929070532189833
2018-06-15,65.41,4.180675151973121,0.001376883870856993
2018-06-18,65.56,4.182965753875629,0.0022906019025077384
2018-06-19,65.12,4.176231721694285,-0.006734032181343608
2018-06-20,65.32,4.179298268102264,0.0030665464079788762
2018-06-21,64.71,4.169915749069174,-0.009382519033089842
2018-06-22,63.97,4.158414223462046,-0.011501525607128471
2018-06-25,61.85,4.124712098838497,-0.03370212462354871
2018-06-26,62.74,4.138999202762532,0.014287103924035094
2018-06-27,61.99,4.126973081713828,-0.012026121048704042
2018-06-28,61.77,4.123417809707808,-0.003555272006019905
2018-06-29,61.69,4.122121843221548,-0.0012959664862606246
2018-07-02,61.58,4.120337142496354,-0.0017847007251932112
2018-07-03,61.22,4.114473933517266,-0.005863208979087986
2018-07-05,61.44,4.118061088839417,0.0035871553221502595
2018-07-06,61.66,4.121635422458004,0.0035743336185873886
2018-07-09,62.48,4.1348465055314305,0.013211083073426444
2018-07-10,62.69,4.138201945285877,0.003355439754446188
2018-07-11,62.57,4.136285930010272,-0.0019160152756043658
2018-07-12,63.19,4.146146060785364,0.009860130775091847
2018-07-13,63.87,4.1568497675734974,0.01070370678813326
2018-07-16,62.43,4.134045929073653,-0.022803838499844353
2018-07-17,62.6,4.136765278106052,0.002719349032399343
2018-07-18,64.42,4.165424143903053,0.028658865797000388
2018-07-19,65.25,4.178226046202803,0.01280190229975009
2018-07-20,65.11,4.176078147248771,-0.0021478989540320015
2018-07-23,64.67,4.169297415458502,-0.006780731790269279
2018-07-24,63.97,4.158414223462046,-0.010883191996455821
2018-07-25,64.55,4.167440117292651,0.00902589383060537
2018-07-26,67.36,4.210051369934071,0.04261125264141974
2018-07-27,65.65,4.184337600748806,-0.025713769185265356
2018-07-30,63.5,4.151039905898646,-0.033297694850159765
2018-07-31,64.45,4.165889729385197,0.01484982348655084
2018-08-01,64.15,4.161224091061645,-0.004665638323551491
2018-08-02,64.96,4.173771695853422,0.01254760479177719
2018-08-03,64.73,4.170224772557419,-0.003546923296003257
2018-08-06,65.38,4.1802164012960645,0.009991628738645453
2018-08-07,65.59,4.183423245305645,0.0032068440095800455
2018-08-08,65.45,4.181286492355909,-0.0021367529497355875
2018-08-09,65.4,4.180522258463153,-0.0007642338927560388
2018-08-10,65.88,4.1878349053094395,0.007312646846286519
2018-08-13,66.33,4.194642283537465,0.006807378228025129
2018-08-14,67.68,4.214790715297968,0.020148431760503627
2018-08-15,67.86,4.2174467593560845,0.002656044058116258
2018-08-16,68.72,4.230040277676,0.01259351831991573
2018-08-17,69.02,4.234396317669857,0.004356039993856697
2018-08-20,68.34,4.2244952466871455,-0.009901070982711424
2018-08-21,68.68,4.229458036029275,0.004962789342129348
2018-08-22,68.87,4.232220669556607,0.0027626335273325253
2018-08-23,70.0,4.248495242049359,0.016274572492751993
2018-08-24,71.43,4.268717949166882,0.020222707117522276
2018-08-27,71.83,4.27430221608671,0.0055842669198282735
2018-08-28,69.9,4.247065649239764,-0.027236566846945642
2018-08-29,70.11,4.250065437218876,0.0029997879791121562
2018-08-30,70.02,4.2487809155265195,-0.0012845216923569325
2018-08-31,70.19,4.2512058507423305,0.002424935215810997
2018-09-04,70.26,4.252202646837681,0.0009967960953503052
2018-09-05,69.94,4.24763773163523,-0.004564915202450948
2018-09-06,70.14,4.2504932447120325,0.0028555130768026515
2018-09-07,70.19,4.2512058507423305,0.0007126060302979909
2018-09-10,70.69,4.258304120182863,0.007098269440532157
2018-09-11,70.79,4.259717747786098,0.00141362760323549
2018-09-12,71.2,4.26549281841793,0.005775070631831802
2018-09-13,70.97,4.262257252536892,-0.003235565881038127
2018-09-14,71.21,4.2656332579940335,0.003376005457141673
2018-09-17,69.3,4.238444906195857,-0.027188351798176136
2018-09-18,68.9,4.232656178019613,-0.00578872817624454
2018-09-19,68.49,4.226687749209813,-0.00596842880979942
2018-09-20,69.3,4.238444906195857,0.01175715698604396
2018-09-21,69.53,4.2417583141109265,0.0033134079150691775
2018-09-24,69.5,4.241326752570746,-0.00043156154018042514
2018-09-25,69.05,4.234830879855301,-0.006495872715444939
2018-09-26,69.29,4.23830059563929,0.0034697157839884696
2018-09-27,69.78,4.245347435758628,0.007046840119338427
2018-09-28,69.97,4.248066578757805,0.00271914299917686
2018-10-01,69.29,4.23830059563929,-0.009765983118515287
2018-10-02,68.97,4.2336716274432,-0.004628968196089822
2018-10-03,69.85,4.246350085702971,0.012678458259770764
2018-10-04,68.91,4.232801305369117,-0.01354878033385365
2018-10-05,68.21,4.222591181666628,-0.010210123702488971
2018-10-08,68.67,4.229312422632585,0.006721240965957165
2018-10-09,69.05,4.234830879855301,0.0055184572227160444
2018-10-10,67.05,4.205438609727688,-0.02939227012761325
2018-10-11,66.55,4.197953544841121,-0.007485064886567194
2018-10-12,68.34,4.2244952466871455,0.02654170184602478
2018-10-15,68.69,4.2296036282257905,0.005108381538645013
2018-10-16,70.79,4.259717747786098,0.03011411956030763
2018-10-17,70.67,4.258021154702763,-0.0016965930833352516
2018-10-18,69.61,4.242908235180575,-0.015112919522187518
2018-10-19,68.82,4.231494400369335,-0.011413834811240697
2018-10-22,69.0,4.23410650459726,0.002612104227925016
2018-10-23,68.11,4.221124045253227,-0.012982459344033082
2018-10-24,64.83,4.171768459186905,-0.049355586066321955
2018-10-25,66.05,4.190412030968334,0.01864357178142928
2018-10-26,65.44,4.181133692294492,-0.00927833867384198
2018-10-29,65.68,4.184794465144173,0.0036607728496811376
2018-10-30,66.75,4.200954297280359,0.01615983213618577
2018-10-31,68.81,4.231349083214389,0.03039478593403011
2018-11-01,69.8,4.2456340097683265,0.014284926553937538
2018-11-02,68.85,4.231930225174664,-0.013703784593662505
2018-11-05,68.51,4.226979720014808,-0.004950505159856178
2018-11-06,68.41,4.2255190127729065,-0.0014607072419012823
2018-11-07,69.26,4.237867538974276,0.012348526201369836
2018-11-08,69.52,4.241614480957137,0.0037469419828601858
2018-11-09,68.92,4.232946411659729,-0.008668069297407932
2018-11-12,67.85,4.217299386280878,-0.015647025378850543
2018-11-13,68.24,4.223030903183424,0.005731516902545586
2018-11-14,68.08,4.220683484265119,-0.002347418918304811
2018-11-15,69.86,4.246493239378686,0.02580975511356698
2018-11-16,70.25,4.2520603082138555,0.005567068835169664
2018-11-19,66.81,4.2018527699373855,-0.050207538276469954
2018-11-20,66.29,4.1940390562533,-0.007813713684085677
2018-11-21,67.54,4.212720014957422,0.01868095870412212
2018-11-23,68.36,4.224787858247391,0.012067843289968572
2018-11-26,67.76,4.215972050343799,-0.008815807903591377
2018-11-27,68.35,4.224641563169959,0.008669512826159576
2018-11-28,69.6,4.242764567340374,0.018123004170415236
2018-11-29,69.73,4.244630641232919,0.001866073892545117
2018-11-30,70.4,4.254193263163997,0.009562621931078041
2018-12-03,71.58,4.2708157053378795,0.016622442173882312
2018-12-04,69.53,4.2417583141109265,-0.029057391226952944
2018-12-06,68.94,4.233236561088719,-0.008521753022207257
2018-12-07,68.09,4.220830359494875,-0.012406201593844202
2018-12-10,67.32,4.209457369322605,-0.011372990172270114
2018-12-11,67.88,4.217741440366026,0.00828407104342066
2018-12-12,68.14,4.22156441223282,0.003822971866794589
2018-12-13,67.26,4.208565706312124,-0.01299870592069663
2018-12-14,66.17,4.192227188023968,-0.01633851828815569
2018-12-17,64.6,4.168214410788556,-0.024012777235411953
2018-12-18,64.33,4.1640260854229085,-0.004188325365647394
2018-12-19,63.09,4.144562278382718,-0.01946380704019024
2018-12-20,61.2,4.11414718951828,-0.03041508886443811
2018-12-21,59.52,4.086312390524837,-0.02783479899344332
2018-12-24,58.24,4.06457240388843,-0.021739986636406528
2018-12-26,60.45,4.101816577060802,0.03724417317237183
2018-12-27,60.77,4.107096246147264,0.0052796690864616025
2018-12-28,60.83,4.108083088332614,0.0009868421853500564
2018-12-31,61.84,4.124550404279167,0.01646731594655293
2019-01-02,62.19,4.1301942151157975,0.0056438108366307915
2019-01-03,59.68,4.088996955895506,-0.041197259220291826
2019-01-04,61.74,4.122932019074013,0.03393506317850736
2019-01-07,62.3,4.131961425793407,0.009029406719394117
2019-01-08,62.72,4.138680376042152,0.006718950248744804
2019-01-09,63.25,4.1470951276076295,0.008414751565477552
2019-01-10,63.77,4.155282860327181,0.0081877327195512
2019-01-11,63.96,4.158257887965753,0.0029750276385724916
2019-01-14,63.59,4.152456225279317,-0.005801662686436337
2019-01-15,63.5,4.151039905898646,-0.001416319380671105
2019-01-16,63.79,4.1555964382538635,0.004556532355217691
2019-01-17,63.96,4.158257887965753,0.0026614497118897518
2019-01-18,64.56,4.1675950239616935,0.009337135995940216
2019-01-22,62.98,4.142817215672879,-0.024777808288814818
2019-01-23,62.98,4.142817215672879,0.0
2019-01-24,63.62,4.152927886320998,0.010110670648119324
2019-01-25,63.94,4.157945143631696,0.005017257310697687
2019-01-28,63.27,4.147411283158793,-0.01053386047290239
2019-01-29,62.68,4.13804241748782,-0.009368865670973392
2019-01-30,61.58,4.120337142496354,-0.01770527499146546
2019-01-31,64.63,4.168678699274804,0.04834155677844976
2019-02-01,64.08,4.160132302760104,-0.008546396514700128
2019-02-04,64.85,4.172076910762453,0.011944608002348645
2019-02-05,65.66,4.184489912073446,0.012413001310993543
2019-02-06,65.05,4.1751562049585145,-0.009333707114931755
2019-02-07,64.18,4.161691635681711,-0.013464569276803395
2019-02-08,63.4,4.14946386144318,-0.012227774238531275
2019-02-11,62.83,4.140432666414855,-0.00903119502832439
2019-02-12,64.03,4.159351723530711,0.01891905711585551
2019-02-13,64.33,4.1640260854229085,0.004674361892197609
2019-02-14,64.18,4.161691635681711,-0.002334449741197453
2019-02-15,64.57,4.167749906638376,0.006058270956664558
2019-02-19,65.09,4.175770927584296,0.008021020945919943
2019-02-20,65.2,4.177459468932607,0.0016885413483116452
2019-02-21,64.8,4.1713056033582285,-0.006153865574378692
2019-02-22,65.25,4.178226046202803,0.0069204428445743815
2019-02-25,65.4,4.180522258463153,0.002296212260350039
2019-02-26,65.25,4.178226046202803,-0.002296212260350039
2019-02-27,64.95,4.173617743116608,-0.004608303086194532
2019-02-28,64.8,4.1713056033582285,-0.0023121397583798498
2019-03-01,64.97,4.17392562489244,0.0026200215342111477
2019-03-04,63.59,4.152456225279317,-0.021469399613122775
2019-03-05,63.65,4.153399325003416,0.0009430997240986727
2019-03-06,64.41,4.165268900558799,0.011869575555383705
2019-03-07,63.71,4.154341536128396,-0.010927364430402875
2019-03-08,64.1,4.160444363926624,0.0061028277982275725
2019-03-11,64.98,4.174079530240954,0.01363516631433015
2019-03-12,64.53,4.167130231947748,-0.006949298293205786
2019-03-13,64.7,4.169761201506855,0.0026309695591066884
2019-03-14,64.45,4.165889729385197,-0.0038714721216583925
2019-03-15,64.74,4.170379248498098,0.004489519112901519
2019-03-18,64.33,4.1640260854229085,-0.006353163075189627
2019-03-19,64.41,4.165268900558799,0.0012428151358907513
2019-03-20,64.64,4.16883341421284,0.0035645136540409794
2019-03-21,65.0,4.174387269895637,0.005553855682796538
2019-03-22,63.37,4.148990563335426,-0.02539670656021098
2019-03-25,63.24,4.146937012341271,-0.002053550994154385
2019-03-26,63.2,4.146304301152812,-0.0006327111884596448
2019-03-27,62.82,4.140273494110501,-0.0060308070423111815
2019-03-28,62.88,4.141228148120951,0.000954654010450362
2019-03-29,62.97,4.142658422500651,0.0014302743797003359
2019-04-01,63.9,4.157319361383489,0.014660938882837371
2019-04-02,63.28,4.147569323459399,-0.009750037924090016
2019-04-03,63.65,4.153399325003416,0.005830001544016916
2019-04-04,63.43,4.149936935645806,-0.0034623893576100073
2019-04-05,64.06,4.159820144181012,0.0098832085352063
2019-04-08,64.57,4.167749906638376,0.007929762457363765
2019-04-09,63.71,4.154341536128396,-0.013408370509979228
2019-04-10,64.24,4.162626069638506,0.008284533510109604
2019-04-11,64.99,4.174233411906258,0.01160734226775162
2019-04-12,65.78,4.186315840760911,0.012082428854653493
2019-04-15,65.77,4.186163807313259,-0.00015203344765168936
2019-04-16,65.7,4.185098925490565,-0.0010648818226943746
2019-04-17,64.61,4.168369197570074,-0.016729727920490767
2019-04-18,64.6,4.168214410788556,-0.0001547867815183679
2019-04-22,63.73,4.154655409326203,-0.013559001462352782
2019-04-23,64.15,4.161224091061645,0.006568681735442006
2019-04-24,64.98,4.174079530240954,0.01285543917930898
2019-04-25,64.15,4.161224091061645,-0.01285543917930898
2019-04-26,64.38,4.164803025870662,0.0035789348090169426
2019-04-29,64.1,4.160444363926624,-0.004358661944038111
2019-04-30,64.69,4.169606630055894,0.009162266129269625
2019-05-01,64.5,4.1666652238017265,-0.002941406254167056
2019-05-02,65.2,4.177459468932607,0.010794245130880675
2019-05-03,65.84,4.187227556368814,0.00976808743620694
2019-05-06,65.28,4.178685710655851,-0.008541845712962903
2019-05-07,64.96,4.173771695853422,-0.004914014802428923
2019-05-08,64.09,4.160288345516135,-0.013483350337287092
2019-05-09,63.83,4.156223299267966,-0.0040650462481695016
2019-05-10,64.5,4.1666652238017265,0.010441924533760805
2019-05-13,63.23,4.146778872070522,-0.019886351731204677
2019-05-14,64.02,4.159195534541717,0.012416662471195217
2019-05-15,65.05,4.1751562049585145,0.015960670416797385
2019-05-16,64.59,4.168059600044382,-0.007096604914132776
2019-05-17,62.19,4.1301942151157975,-0.037865384928584156
2019-05-20,61.74,4.122932019074013,-0.007262196041784463
2019-05-21,62.22,4.130676491469491,0.0077444723954780414
2019-05-22,62.0,4.127134385045092,-0.0035421064243994493
2019-05-23,62.08,4.128423875874963,0.0012894908298717311
2019-05-24,62.26,4.131319165013462,0.002895289138498569
2019-05-28,62.37,4.1330843905380314,0.0017652255245694803
2019-05-29,61.18,4.113820338722757,-0.019264051815274463
2019-05-30,61.99,4.126973081713828,0.013152742991071165
2019-05-31,61.97,4.126650396974016,-0.000322684739812118
2019-06-03,60.16,4.097007679641584,-0.029642717332431623
2019-06-04,62.11,4.128907006571212,0.03189932692962749
2019-06-05,62.65,4.137563681342077,0.00865667477086518
2019-06-06,62.4,4.133565275375382,-0.0039984059666950955
2019-06-07,63.2,4.146304301152812,0.012739025777429802
2019-06-10,62.75,4.139158578011894,-0.007145723140918214
2019-06-11,62.46,4.134526351854933,-0.004632226156960684
2019-06-12,62.69,4.138201945285877,0.003675593430943813
2019-06-13,62.99,4.142975983633837,0.004774038347960641
2019-06-14,62.63,4.137244396537321,-0.005731587096516222
2019-06-17,63.0,4.143134726391533,0.005890329854211451
2019-06-18,63.96,4.158257887965753,0.015123161574220667
2019-06-19,64.33,4.1640260854229085,0.0057681974571552885
2019-06-20,65.2,4.177459468932607,0.013433383509698693
2019-06-21,64.92,4.17315574264639,-0.004303726286217113
2019-06-24,64.85,4.172076910762453,-0.0010788318839374256
2019-06-25,64.62,4.168523960396352,-0.0035529503661004824
2019-06-26,64.59,4.168059600044382,-0.0004643603519705053
2019-06-27,64.9,4.1728476237100445,0.004788023665662777
2019-06-28,64.6,4.168214410788556,-0.00463321292148855
2019-07-01,65.13,4.17638527255831,0.008170861769754012
2019-07-02,65.0,4.174387269895637,-0.0019980026626731373
2019-07-03,65.18,4.177152673409416,0.0027654035137789634
2019-07-05,65.03,4.174848701881061,-0.002303971528355042
2019-07-08,63.44,4.150094577326593,-0.024754124554467793
2019-07-09,63.44,4.150094577326593,0.0
2019-07-10,63.61,4.152770690690713,0.002676113364119992
2019-07-11,63.96,4.158257887965753,0.005487197275040323
2019-07-12,64.96,4.173771695853422,0.015513807887669095
2019-07-15,65.28,4.178685710655851,0.004914014802428923
2019-07-16,65.31,4.179145163914566,0.0004594532587143263
2019-07-17,65.19,4.177306082936448,-0.001839080978117913
2019-07-18,65.11,4.176078147248771,-0.0012279356876767622
2019-07-19,65.2,4.177459468932607,0.0013813216838363118
2019-07-22,65.05,4.1751562049585145,-0.0023032639740927507
2019-07-23,65.78,4.186315840760911,0.01115963580239665
2019-07-24,66.16,4.1920760507154355,0.00576020995452442
2019-07-25,66.12,4.191471272952824,-0.0006047777626116968
2019-07-26,66.25,4.193435464866331,0.001964191913507385
2019-07-29,66.58,4.198404232146879,0.004968767280547404
2019-07-30,67.27,4.208714372037514,0.010310139890635561
2019-07-31,68.1,4.220977213155467,0.012262841117952838
2019-08-01,68.08,4.220683484265119,-0.0002937288903481772
2019-08-02,58.81,4.074311908471865,-0.14637157579325422
2019-08-05,57.38,4.049695810553219,-0.024616097918645607
2019-08-06,58.48,4.068684815441523,0.01898900488830435
2019-08-07,58.44,4.068000586882499,-0.0006842285590247243
2019-08-08,60.0,4.0943445622221,0.026343975339601755
2019-08-09,59.14,4.079907514424331,-0.014437047797769331
2019-08-12,58.33,4.066116540765546,-0.0137909736587849
2019-08-13,60.2,4.097672352314776,0.031555811549229595
2019-08-14,58.14,4.06285389513073,-0.03481845718404575
2019-08-15,58.32,4.065945087700403,0.0030911925696726072
2019-08-16,59.37,4.083789048282584,0.017843960582180962
2019-08-19,60.25,4.098502572370764,0.014713524088180385
2019-08-20,60.24,4.098336583491638,-0.00016598887912611104
2019-08-21,61.12,4.112839144858265,0.014502561366627198
2019-08-22,61.23,4.114637265489863,0.0017981206315980103
2019-08-23,60.66,4.105284502260435,-0.009352763229427907
2019-08-26,60.57,4.103799720992856,-0.001484781267579116
2019-08-27,61.16,4.113493381060861,0.009693660068005094
2019-08-28,61.32,4.116106054003613,0.0026126729427522477
2019-08-29,61.61,4.120824195026479,0.004718141022865829
2019-08-30,61.56,4.120012308970678,-0.0008118860558008478
2019-09-03,60.26,4.098668533702155,-0.021343775268523046
2019-09-04,60.91,4.109397364848393,0.01072883114623746
2019-09-05,62.47,4.134686441505479,0.025289076657085907
2019-09-06,62.37,4.1330843905380314,-0.001602050967447255
2019-09-09,62.36,4.132924044189576,-0.00016034634845585316
2019-09-10,63.13,4.145196092379535,0.012272048189958973
2019-09-11,64.74,4.170379248498098,0.025183156118563588
2019-09-12,64.88,4.1725394098071575,0.002160161309059383
2019-09-13,64.6,4.168214410788556,-0.004324999018601616
2019-09-16,64.47,4.1661999993225285,-0.0020144114660274326
2019-09-17,63.8,4.155753190350744,-0.010446808971784627
2019-09-18,63.16,4.145671189387441,-0.010082000963302917
2019-09-19,63.02,4.143452136329128,-0.0022190530583126034
2019-09-20,61.92,4.125843229281472,-0.017608907047656608
2019-09-23,62.57,4.136285930010272,0.010442700728800602
2019-09-24,62.31,4.132121926556131,-0.004164003454141252
2019-09-25,63.25,4.1470951276076295,0.014973201051498464
2019-09-26,64.27,4.163092959383195,0.015997831775565352
2019-09-27,63.79,4.1555964382538635,-0.007496521129331413
2019-09-30,64.64,4.16883341421284,0.013236975958976771
2019-10-01,64.96,4.173771695853422,0.004938281640582076
2019-10-02,63.57,4.152141660948318,-0.021630034905104623
2019-10-03,63.6,4.152613470346076,0.00047180939775870456
2019-10-04,63.94,4.157945143631696,0.005331673285619232
2019-10-07,63.11,4.144879235596148,-0.013065908035547302
2019-10-08,60.69,4.105778939847764,-0.03910029574838436
2019-10-09,61.82,4.124226936703971,0.018447996856206572
2019-10-10,61.42,4.117735515012677,-0.006491421691293908
2019-10-11,62.9,4.141546163706395,0.023810648693718406
2019-10-14,62.46,4.134526351854933,-0.0070198118514621655
2019-10-15,63.3,4.147885329150131,0.01335897729519786
2019-10-16,63.32,4.148201235012811,0.0003159058626804878
2019-10-17,64.53,4.167130231947748,0.018928996934937103
2019-10-18,64.6,4.168214410788556,0.0010841788408075814
2019-10-21,64.45,4.165889729385197,-0.0023246814033592855
2019-10-22,64.45,4.165889729385197,0.0
2019-10-23,63.25,4.1470951276076295,-0.018794601777567088
2019-10-24,63.35,4.148674906767148,0.0015797791595186794
2019-10-25,63.91,4.157475843662191,0.008800936895042355
2019-10-28,64.24,4.162626069638506,0.005150225976315426
2019-10-29,63.95,4.158101528024852,-0.004524541613654343
2019-10-30,64.4,4.165113633110308,0.007012105085456355
2019-10-31,64.33,4.1640260854229085,-0.0010875476873994927
2019-11-01,65.35,4.179757440070231,0.01573135464732278
2019-11-04,65.19,4.177306082936448,-0.002451357133783638
2019-11-05,65.7,4.185098925490565,0.007792842554117385
2019-11-06,65.79,4.186467851097906,0.0013689256073412537
2019-11-07,65.94,4.188745237643585,0.0022773865456784392
2019-11-08,66.34,4.1947930335189065,0.006047795875321782
2019-11-11,65.7,4.185098925490565,-0.009694108028341475
2019-11-12,65.08,4.175617282350837,-0.009481643139728213
2019-11-13,65.68,4.184794465144173,0.009177182793336236
2019-11-14,65.54,4.182660643270669,-0.0021338218735040826
2019-11-15,69.36,4.239310332472287,0.056649689201617726
2019-11-18,69.25,4.237723145067448,-0.0015871874048389856
2019-11-19,69.79,4.245490733029061,0.007767587961613032
2019-11-20,69.91,4.247208700523894,0.0017179674948328838
2019-11-21,69.17,4.236567242612494,-0.010641457911400032
2019-11-22,69.38,4.239598641541604,0.003031398929110196
2019-11-25,69.3,4.238444906195857,-0.001153735345746476
2019-11-26,69.4,4.239886867512759,0.0014419613169014411
2019-11-27,69.48,4.241038941372905,0.0011520738601458191
2019-11-29,68.88,4.232365860119475,-0.008673081253429693
2019-12-02,67.39,4.2104966389581255,-0.021869221161349373
2019-12-03,66.8,4.2017030805426,-0.008793558415525204
2019-12-04,66.77,4.201253877869777,-0.00044920267282311244
2019-12-05,66.89,4.203049479130317,0.00179560126053957
2019-12-06,67.76,4.215972050343799,0.012922571213482392
2019-12-09,66.99,4.204543354520176,-0.011428695823623158
2019-12-10,66.65,4.199455046624718,-0.005088307895458222
2019-12-11,67.42,4.2109417098059145,0.011486663181196732
2019-12-12,68.13,4.221417644785577,0.01047593497966215
2019-12-13,67.75,4.21582445975981,-0.005593185025766445
2019-12-16,68.4,4.225372824628505,0.009548364868694925
2019-12-17,68.47,4.226395693132972,0.0010228685044664232
2019-12-18,68.65,4.229021132213981,0.0026254390810089845
2019-12-19,67.85,4.217299386280878,-0.01172174593310249
2019-12-20,67.78,4.2162671661789055,-0.0010322201019725696
2019-12-23,68.11,4.221124045253227,0.0048568790743210855
2019-12-24,67.87,4.217594110715667,-0.003529934537559676
2019-12-26,68.38,4.2250803842111555,0.007486273495488582
2019-12-27,68.34,4.2244952466871455,-0.0005851375240100154
2019-12-30,68.55,4.227563406008323,0.0030681593211774327
2019-12-31,68.8,4.231203744939298,0.003640338930974707
2020-01-02,69.46,4.240751047315928,0.00954730237662993
2020-01-03,69.43,4.240319050765182,-0.00043199655074577237
2020-01-06,69.01,4.234251421632511,-0.006067629132671115
2020-01-07,69.06,4.234975691961846,0.0007242703293357522
2020-01-08,68.61,4.2284382967028,-0.006537395259046619
2020-01-09,69.38,4.239598641541604,0.011160344838804015
2020-01-10,68.48,4.226541731833486,-0.013056909708117459
2020-01-13,69.14,4.236133434493478,0.009591702659991874
2020-01-14,69.25,4.237723145067448,0.001589710573969505
2020-01-15,69.08,4.235265253278478,-0.0024578917889694907
2020-01-16,69.6,4.242764567340374,0.0074993140618957455
2020-01-17,69.25,4.237723145067448,-0.005041422272926255
2020-01-21,68.87,4.232220669556607,-0.005502475510840377
2020-01-22,69.28,4.2381562642541795,0.0059355946975721
2020-01-23,69.55,4.242045918369452,0.003889654115272201
2020-01-24,69.25,4.237723145067448,-0.004322773302003924
2020-01-27,68.84,4.231784971343338,-0.005938173724109319
2020-01-28,69.35,4.239166146760841,0.007381175417502384
2020-01-29,68.84,4.231784971343338,-0.007381175417502384
2020-01-30,69.0,4.23410650459726,0.0023215332539212596
2020-01-31,69.34,4.239021940256878,0.004915435659618161
2020-02-03,70.04,4.249066507417651,0.010044567160773177
2020-02-04,70.94,4.261834449345476,0.012767941927824822
2020-02-05,72.14,4.278608675475393,0.016774226129917302
2020-02-06,71.77,4.273466561441981,-0.005142114033412248
2020-02-07,70.8,4.259859000699674,-0.013607560742307179
2020-02-10,70.65,4.257738109130536,-0.0021208915691373065
2020-02-11,71.37,4.267877612982976,0.010139503852439447
2020-02-12,72.01,4.276804998260776,0.008927385277799793
2020-02-13,72.03,4.277082698901271,0.0002777006404954818
2020-02-14,72.32,4.281100716083921,0.004018017182650269
2020-02-18,72.06,4.277499105319947,-0.00360161076397425
2020-02-19,73.0,4.290459441148391,0.012960335828443803
2020-02-20,72.96,4.289911345766076,-0.0005480953823147061
2020-02-21,72.54,4.284138133854756,-0.005773211911320075
2020-02-24,70.67,4.258021154702763,-0.02611697915199329
2020-02-25,68.91,4.232801305369117,-0.02521984933364596
2020-02-26,68.95,4.233381604239311,0.0005802988701937295
2020-02-27,66.44,4.196299284745094,-0.0370823194942167
2020-02-28,65.7,4.185098925490565,-0.011200359254528891
2020-03-02,68.43,4.225811324964407,0.04071239947384164
2020-03-03,67.96,4.2189192968037315,-0.006892028160675245
2020-03-04,69.98,4.248209486939542,0.02929019013581069
2020-03-05,67.64,4.21419952403038,-0.03400996290916236
2020-03-06,66.07,4.190714786041794,-0.023484737988585636
2020-03-09,60.42,4.101320175958526,-0.08939461008326788
2020-03-10,63.69,4.1540275643832745,0.0527073884247482
2020-03-11,60.23,4.09817056705563,-0.05585699732764482
2020-03-12,53.54,3.9804290380922063,-0.11774152896342338
2020-03-13,60.07,4.09551054886207,0.11508151076986417
2020-03-16,51.59,3.9433278552565585,-0.15218269360551195
2020-03-17,49.68,3.905602437625223,-0.0377254176313353
2020-03-18,46.94,3.8488701904228773,-0.05673224720234593
2020-03-19,50.57,3.9233585150918917,0.07448832466901445
2020-03-20,49.46,3.9011642620932703,-0.022194252998621433
2020-03-23,48.81,3.887935209899056,-0.01322905219421422
2020-03-24,56.3,4.030694535145645,0.14275932524658863
2020-03-25,53.58,3.9811758641164627,-0.04951867102918195
2020-03-26,57.12,4.0451543180313285,0.06397845391486578
2020-03-27,53.94,3.987872317711584,-0.05728200031974451
2020-03-30,55.0,4.007333185232471,0.01946086752088716
2020-03-31,54.21,3.992865393272247,-0.014467791960224297
2020-04-01,52.36,3.9581429410416993,-0.034722452230547596
2020-04-02,52.98,3.9699144838439238,0.011771542802224477
2020-04-03,51.85,3.948354934675536,-0.021559549168387537
2020-04-06,55.11,4.009331187895144,0.06097625321960809
2020-04-07,54.74,4.002594703612533,-0.006736484282611421
2020-04-08,56.18,4.0285608216760975,0.025966118063564636
2020-04-09,57.26,4.047602299669969,0.01904147799387168
2020-04-13,56.0,4.02535169073515,-0.02225060893481956
2020-04-14,58.33,4.066116540765546,0.04076485003039654
2020-04-15,58.04,4.061132428015987,-0.004984112749559344
2020-04-16,57.2,4.046553898385752,-0.014578529630234982
2020-04-17,58.26,4.064915751531289,0.018361853145536955
2020-04-20,57.59,4.053348941518581,-0.011566810012707762
2020-04-21,54.36,3.995628589282943,-0.057720352235638206
2020-04-22,56.87,4.040767961318708,0.045139372035765124
2020-04-23,58.05,4.061304708143901,0.020536746825192687
2020-04-24,58.8,4.074141854904581,0.012837146760680263
2020-04-27,60.05,4.095177548525992,0.021035693621411333
2020-04-28,60.2,4.097672352314776,0.0024948037887835284
2020-04-29,60.94,4.109889773557563,0.012217421242787019
2020-04-30,60.03,4.094844437263752,-0.015045336293811218
2020-05-01,58.13,4.062681881713259,-0.0321625555504923
2020-05-04,58.52,4.069368576151923,0.006686694438664098
2020-05-05,55.15,4.0100567456995115,-0.05931183045241184
2020-05-06,55.09,4.008968211484625,-0.0010885342148867494
2020-05-07,56.82,4.039888376426042,0.030920164941417028
2020-05-08,58.08,4.06182137051654,0.021932994090498426
2020-05-11,57.87,4.058199115585747,-0.003622254930792934
2020-05-12,55.54,4.017103481878653,-0.04109563370709424
2020-05-13,53.61,3.9817356178394463,-0.035367864039206776
2020-05-14,54.21,3.992865393272247,0.011129775432800582
2020-05-15,53.65,3.9824814690767076,-0.01038392419553924
2020-05-18,55.44,4.015301354881648,0.03281988580494
2020-05-19,55.75,4.020877410340228,0.00557605545858042
2020-05-20,58.31,4.065773605234065,0.04489619489383667
2020-05-21,58.65,4.0715875750994845,0.005813969865419821
2020-05-22,58.76,4.073461351305676,0.0018737762061915575
2020-05-26,60.66,4.105284502260435,0.03182315095475907
2020-05-27,61.25,4.114963849424837,0.009679347164401442
2020-05-28,61.15,4.113329862133181,-0.0016339872916555365
2020-05-29,60.73,4.106437809909484,-0.006892052223697043
2020-06-01,60.8,4.107589788972121,0.0011519790626373094
2020-06-02,61.97,4.126650396974016,0.019060608001894686
2020-06-03,63.19,4.146146060785364,0.019495663811348152
2020-06-04,63.23,4.146778872070522,0.0006328112851576861
2020-06-05,64.93,4.173309766520395,0.026530894449873443
2020-06-08,66.68,4.199905057882593,0.026595291362197848
2020-06-09,66.1,4.191168746857641,-0.008736311024952315
2020-06-10,64.53,4.167130231947748,-0.024038514909892506
2020-06-11,61.42,4.117735515012677,-0.04939471693507169
2020-06-12,63.22,4.146620706787472,0.028885191774794983
2020-06-15,64.21,4.162158961805957,0.015538255018485714
2020-06-16,66.28,4.193888192558362,0.03172923075240508
2020-06-17,65.5,4.182050142641207,-0.011838049917155757
2020-06-18,66.06,4.190563419962643,0.008513277321436696
2020-06-19,66.25,4.193435464866331,0.002872044903687865
2020-06-22,67.16,4.20707783220934,0.013642367343008388
2020-06-23,68.05,4.220242729097475,0.013164896888135047
2020-06-24,65.99,4.18950321539533,-0.03073951370214445
2020-06-25,66.23,4.193133532496888,0.0036303171015577007
2020-06-26,65.76,4.186011750747925,-0.007121781748963052
2020-06-29,66.12,4.191471272952824,0.005459522204898981
2020-06-30,65.87,4.187683102652602,-0.003788170300222049
2020-07-01,66.13,4.191622501686571,0.0039393990339693374
2020-07-02,65.97,4.1892000932347795,-0.0024224084517916467
2020-07-06,66.69,4.200055016644215,0.01085492340943528
2020-07-07,65.04,4.175002465239555,-0.02505255140465934
2020-07-08,65.71,4.1852511209097765,0.01024865567022104
2020-07-09,65.48,4.181744752502934,-0.003506368406842597
2020-07-10,65.82,4.186923743515194,0.005178991012259715
2020-07-13,64.65,4.168988105217867,-0.017935638297326584
2020-07-14,65.61,4.1837281233567865,0.014740018138919453
2020-07-15,66.0,4.189654742026425,0.005926618669638728
2020-07-16,66.01,4.189806245700679,0.00015150367425409428
2020-07-17,66.1,4.191168746857641,0.0013625011569615708
2020-07-20,67.27,4.208714372037514,0.017545625179873348
2020-07-21,67.15,4.206928922969246,-0.0017854490682678303
2020-07-22,67.76,4.215972050343799,0.009043127374552817
2020-07-23,68.53,4.227271605597732,0.01129955525393278
2020-07-24,68.01,4.219654753187547,-0.007616852410184727
2020-07-27,69.6,4.242764567340374,0.023109814152826758
2020-07-28,68.28,4.22361689792624,-0.01914766941413415
2020-07-29,68.8,4.231203744939298,0.007586847013057785
2020-07-30,69.01,4.234251421632511,0.0030476766932130417
2020-07-31,69.6,4.242764567340374,0.008513145707863323
2020-08-03,69.96,4.247923650150401,0.0051590828100271935
2020-08-04,70.95,4.261975403606051,0.014051753455650129
2020-08-05,69.94,4.24763773163523,-0.014337671970821475
2020-08-06,69.87,4.246636372564359,-0.0010013590708704
2020-08-07,70.17,4.250920869264197,0.004284496699837881
2020-08-10,69.95,4.24778070111149,-0.0031401681527070124
2020-08-11,69.65,4.243482700225814,-0.00429800088567589
2020-08-12,70.74,4.259011183777335,0.015528483551520367
2020-08-13,70.8,4.259859000699674,0.0008478169223389287
2020-08-14,69.7,4.244200317766478,-0.0156586829331955
2020-08-17,70.36,4.253624919869357,0.009424602102878765
2020-08-18,69.95,4.24778070111149,-0.0058442187578666704
2020-08-19,69.11,4.235699438103303,-0.012081263008187015
2020-08-20,68.86,4.232075457910378,-0.0036239801929252025
2020-08-21,69.36,4.239310332472287,0.007234874561908633
2020-08-24,70.36,4.253624919869357,0.014314587397070255
2020-08-25,70.17,4.250920869264197,-0.002704050605159658
2020-08-26,70.59,4.256888491407381,0.005967622143183249
2020-08-27,69.93,4.247494741715776,-0.009393749691605002
2020-08-28,70.34,4.253340627045836,0.005845885330060696
2020-08-31,69.85,4.246350085702971,-0.006990541342865697
2020-09-01,69.99,4.248352374701448,0.0020022889984776526
2020-09-02,71.0,4.2626798770413155,0.014327502339867237
2020-09-03,67.84,4.2171519914836475,-0.04552788555766796
2020-09-04,66.43,4.19614876167715,-0.021003229806497714
2020-09-08,64.96,4.173771695853422,-0.02237706582372745
2020-09-09,66.03,4.19010918420648,0.016337488353057594
2020-09-10,64.77,4.170842533194826,-0.019266651011654368
2020-09-11,65.18,4.177152673409416,0.006310140214590199
2020-09-14,65.55,4.182813210209709,0.005660536800292881
2020-09-15,65.67,4.184642200202881,0.0018289899931724918
2020-09-16,66.13,4.191622501686571,0.006980301483689999
2020-09-17,66.05,4.190412030968334,-0.001210470718237211
2020-09-18,65.0,4.174387269895637,-0.016024761072697125
2020-09-21,65.45,4.181286492355909,0.006899222460272192
2020-09-22,65.89,4.187986684925728,0.00670019256981913
2020-09-23,64.9,4.1728476237100445,-0.015139061215683647
2020-09-24,64.06,4.159820144181012,-0.013027479529032604
2020-09-25,64.99,4.174233411906258,0.01441326772524576
2020-09-28,65.99,4.18950321539533,0.015269803489072586
2020-09-29,66.07,4.190714786041794,0.001211570646463933
2020-09-30,66.28,4.193888192558362,0.003173406516568278
2020-10-01,66.52,4.197502654324727,0.003614461766364485
2020-10-02,65.61,4.1837281233567865,-0.013774530967940457
2020-10-05,65.93,4.188593573125209,0.004865449768422181
2020-10-06,64.29,4.163404098153595,-0.02518947497161328
2020-10-07,66.86,4.202600880991953,0.03919678283835726
2020-10-08,68.71,4.229894749042985,0.027293868051032177
2020-10-09,68.5,4.22683374526818,-0.0030610037748051155
2020-10-12,70.48,4.255328981627924,0.028495236359744602
2020-10-13,71.8,4.273884476054178,0.018555494426253816
2020-10-14,68.16,4.221857882521061,-0.05202659353311745
2020-10-15,69.31,4.238589195929893,0.01673131340883227
2020-10-16,68.94,4.233236561088719,-0.0053526348411736535
2020-10-19,67.75,4.21582445975981,-0.017412101328909024
2020-10-20,68.04,4.220095767527661,0.004271307767850452
2020-10-21,70.3,4.252771798816619,0.03267603128895846
2020-10-22,71.0,4.2626798770413155,0.009908078224696304
2020-10-23,71.72,4.272769648736932,0.010089771695616534
2020-10-26,71.28,4.266615783162554,-0.006153865574377804
2020-10-27,71.51,4.2698373000603045,0.0032215168977502984
2020-10-28,71.92,4.275554390163365,0.005717090103060762
2020-10-29,73.87,4.302306791540646,0.026752401377280854
2020-10-30,75.08,4.3185542117183084,0.01624742017766234
2020-11-02,77.9,4.355425952876702,0.03687174115839387
2020-11-03,80.15,4.383899879055562,0.0284739261788598
2020-11-04,81.7,4.403054001865957,0.01915412281039508
2020-11-05,84.92,4.441709636835055,0.038655634969098074
2020-11-06,84.83,4.440649253819643,-0.001060383015412114
2020-11-09,86.08,4.455277096413474,0.014627842593831097
2020-11-10,84.11,4.432125465974346,-0.023151630439127935
2020-11-11,84.03,4.431173877940127,-0.0009515880342192418
2020-11-12,81.74,4.403543478136132,-0.02763039980399551
2020-11-13,87.2,4.468204330914934,0.06466085277880218
2020-11-16,88.95,4.4880744141118445,0.01987008319691075
2020-11-17,89.33,4.492337377713747,0.004262963601902925
2020-11-18,88.81,4.486499256270413,-0.005838121443334288
2020-11-19,87.84,4.47551697776122,-0.010982278509192867
2020-11-20,87.8,4.475061500641071,-0.00045547712014926134
2020-11-23,87.62,4.473009282385752,-0.0020522182553186497
2020-11-24,89.68,4.496247778763904,0.023238496378152007
2020-11-25,88.84,4.4868369990262265,-0.009410779737677899
2020-11-27,90.57,4.506123032386857,0.01928603336063084
2020-11-30,88.45,4.482437420605795,-0.023685611781062654
2020-12-01,89.57,4.495020442487104,0.012583021881309442
2020-12-02,90.09,4.500809170663349,0.00578872817624454
2020-12-03,90.21,4.502140285668547,0.0013311150051986687
2020-12-04,91.43,4.515573652176335,0.013433366507787703
2020-12-07,91.16,4.512616204377483,-0.0029574477988516534
2020-12-08,92.06,4.5224405383890955,0.009824334011612201
2020-12-09,91.04,4.511298970378021,-0.01114156801107491
2020-12-10,91.08,4.5117382411955385,0.0004392708175178228
2020-12-11,91.11,4.512067567725767,0.0003293265302284354
2020-12-14,90.86,4.509319860331257,-0.0027477073945094688
2020-12-15,92.08,4.522657764413627,0.01333790408236979
2020-12-16,91.03,4.511189122517197,-0.011468641896430043
2020-12-17,92.39,4.526018747682654,0.014829625165456939
2020-12-18,92.75,4.529907701487544,0.003888953804890072
2020-12-21,93.02,4.532814523795951,0.0029068223084065536
2020-12-22,92.73,4.529692044812134,-0.003122478983816457
2020-12-23,94.76,4.5513473792905845,0.02165533447845025
2020-12-24,95.28,4.556819925047044,0.0054725457564597235
2020-12-28,96.17,4.56611745872439,0.009297533677345982
2020-12-29,95.5,4.5591262474866845,-0.006991211237705741
2020-12-30,97.08,4.5755353808584,0.01640913337171579
2020-12-31,97.13,4.5760502874142395,0.0005149065558391897
2021-01-04,94.87,4.5525075334047855,-0.023542754009453937
2021-01-05,94.95,4.553350437258295,0.0008429038535098243
2021-01-06,95.19,4.555874894263214,0.0025244570049185455
2021-01-07,97.19,4.576667825515379,0.020792931252165303
2021-01-08,96.06,4.564972996236678,-0.011694829278701135
2021-01-11,96.31,4.567572155572773,0.0025991593360945586
2021-01-12,95.67,4.560904769690076,-0.006667385882696664
2021-01-13,95.12,4.555139252382526,-0.005765517307549928
2021-01-14,94.57,4.549340301027421,-0.005798951355105331
2021-01-15,93.62,4.539244035871924,-0.010096265155496553
2021-01-19,93.58,4.5388166854380705,-0.0004273504338536682
2021-01-20,95.12,4.555139252382526,0.016322566944455552
2021-01-21,94.2,4.545420181582317,-0.00971907080020884
2021-01-22,94.03,4.543613880288985,-0.0018063012933318134
2021-01-25,94.58,4.54944603721573,0.005832156926744325
2021-01-26,93.22,4.534962290944595,-0.014483746271134912
2021-01-27,86.59,4.46118433545971,-0.07377795548488475
2021-01-28,89.2,4.490881039585964,0.029696704126253692
2021-01-29,88.03,4.4776776654728145,-0.013203374113149202
2021-02-01,89.39,4.493008819099761,0.015331153626946481
2021-02-02,91.19,4.512945241945574,0.019936422845812984
2021-02-03,91.18,4.512835574785296,-0.00010966716027827061
2021-02-04,91.88,4.520483377820898,0.007647803035601974
2021-02-05,91.33,4.514479320703588,-0.006004057117309891
2021-02-08,92.03,4.522114610850766,0.007635290147177898
2021-02-09,92.0,4.5217885770490405,-0.0003260338017252451
2021-02-10,93.17,4.534425781462334,0.01263720441329319
2021-02-11,93.35,4.536355869987732,0.0019300885253983324
2021-02-12,94.44,4.547964712217312,0.01160884222958014
2021-02-16,94.85,4.552296696381023,0.004331984163711056
2021-02-17,94.5,4.548599834499697,-0.003696861881326008
2021-02-18,93.79,4.541058240520847,-0.007541593978849903
2021-02-19,93.78,4.5409516136614405,-0.00010662685940676653
2021-02-22,93.68,4.539884719289462,-0.0010668943719789326
2021-02-23,97.49,4.57974980864118,0.03986508935171873
2021-02-24,96.88,4.573473099244837,-0.006276709396343172
2021-02-25,96.75,4.572130331909891,-0.0013427673349459823
2021-02-26,97.63,4.58118482323758,0.009054491327688652
2021-03-01,100.61,4.611251656303959,0.03006683306637914
2021-03-02,100.06,4.605770006060059,-0.005481650243900127
2021-03-03,99.77,4.602867536925416,-0.002902469134642871
2021-03-04,96.62,4.57078575912626,-0.03208177779915555
2021-03-05,98.56,4.59066549978521,0.019879740658949707
2021-03-08,98.7,4.592084946439436,0.0014194466542258866
2021-03-09,99.07,4.5958266709849385,0.0037417245455024783
2021-03-10,97.89,4.583844399273339,-0.011982271711599601
2021-03-11,98.38,4.588837531367194,0.0049931320938547685
2021-03-12,98.97,4.5948167739086,0.005979242541406471
2021-03-15,100.22,4.607367769531579,0.012550995622978789
2021-03-16,100.81,4.61323755706585,0.0058697875342712535
2021-03-17,99.66,4.601764392853259,-0.011473164212591591
2021-03-18,98.45,4.589548805085134,-0.012215587768124259
2021-03-19,99.24,4.5975411588236,0.007992353738465852
2021-03-22,99.65,4.6016640466588035,0.004122887835203315
2021-03-23,97.55,4.5803650670691205,-0.021298979589682965
2021-03-24,96.09,4.5652852522891765,-0.015079814779944023
2021-03-25,96.94,4.57409223041723,0.008806978128053089
2021-03-26,98.22,4.5872098606110985,0.013117630193868912
2021-03-29,98.38,4.588837531367194,0.0016276707560951564
2021-03-30,98.5,4.590056548178043,0.0012190168108494603
2021-03-31,98.72,4.592287560157078,0.002231011979034747
2021-04-01,102.0,4.624972813284271,0.03268525312719284
2021-04-05,103.19,4.636571949127623,0.011599135843352038
2021-04-06,102.41,4.628984364087346,-0.007587585040276679
2021-04-07,101.71,4.622125626637505,-0.006858737449841001
2021-04-08,102.36,4.628496011291588,0.006370384654083239
2021-04-09,101.52,4.620255823406132,-0.00824018788545633
2021-04-12,102.14,4.626344421219498,0.006088597813366015
2021-04-13,100.93,4.614427207250769,-0.011917213968729357
2021-04-14,100.48,4.609958702719888,-0.004468504530880324
2021-04-15,102.07,4.625658852415407,0.015700149695518917
2021-04-16,102.1,4.625952725170619,0.0002938727552121989
2021-04-19,101.21,4.61719756620081,-0.008755158969809607
2021-04-20,99.61,4.601262561157074,-0.015935005043735906
2021-04-21,99.59,4.601061757943548,-0.00020080321352544672
2021-04-22,99.74,4.602566800117977,0.0015050421744282616
2021-04-23,99.85,4.603669059861824,0.0011022597438472559
2021-04-26,100.09,4.606069781230928,0.002400721369103742
2021-04-27,101.5,4.620058798481842,0.01398901725091406
2021-04-28,101.23,4.6173951556106605,-0.00266364287118126
2021-04-29,102.08,4.6257568195964796,0.008361663985819057
2021-04-30,101.47,4.6197631882909915,-0.005993631305488023
2021-05-03,103.41,4.638701669196884,0.01893848090589234
2021-05-04,103.53,4.6398614257780215,0.0011597565811376498
2021-05-05,96.98,4.574504771677206,-0.0653566541008157
2021-05-06,96.88,4.573473099244837,-0.00103167243236868
2021-05-07,96.64,4.570992734186505,-0.002480365058332268
2021-05-10,95.96,4.563931437971494,-0.007061296215010948
2021-05-11,94.67,4.5503971601407995,-0.013534277830694386
2021-05-12,92.17,4.523634698005573,-0.026762462135226706
2021-05-13,93.4,4.536891345234797,0.01325664722922415
2021-05-14,95.43,4.558392994429163,0.02150164919436559
2021-05-17,94.71,4.55081959123801,-0.007573403191152295
2021-05-18,94.92,4.553034431567563,0.0022148403295529917
2021-05-19,96.14,4.565805462465814,0.012771030898250935
2021-05-20,96.88,4.573473099244837,0.007667636779022935
2021-05-21,95.83,4.562575788355671,-0.010897310889165901
2021-05-24,96.93,4.573989068504517,0.011413280148845573
2021-05-25,96.47,4.569232079182462,-0.0047569893220549275
2021-05-26,96.35,4.567987394860375,-0.0012446843220867976
2021-05-27,96.59,4.570475216191205,0.002487821330829476
2021-05-28,97.54,4.5802625502819065,0.009787334090701982
2021-06-01,96.52,4.569750240756831,-0.010512309525075203
2021-06-02,95.74,4.561636183964363,-0.00811405679246846
2021-06-03,95.41,4.558183394763755,-0.0034527892006082084
2021-06-04,97.03,4.575020209037208,0.016836814273453626
2021-06-07,97.27,4.577490616881349,0.002470407844140432
2021-06-08,97.64,4.581287245524759,0.003796628643410571
2021-06-09,97.76,4.582515495423285,0.0012282498985261014
2021-06-10,98.55,4.590564033598729,0.008048538175443376
2021-06-11,100.2,4.607168188650764,0.016604155052035274
2021-06-14,100.82,4.6133367486544845,0.006168560003720458
2021-06-15,99.5,4.600157644164547,-0.013179104489937643
2021-06-16,99.24,4.5975411588236,-0.002616485340946717
2021-06-17,99.41,4.599252712224054,0.0017115534004537025
2021-06-18,97.94,4.584355046274172,-0.014897665949882288
2021-06-21,98.86,4.593704707878813,0.009349661604641568
2021-06-22,98.17,4.58670066970443,-0.007004038174382998
2021-06-23,97.81,4.5830268213024015,-0.0036738484020286677
2021-06-24,98.68,4.591882291661156,0.008855470358754225
2021-06-25,100.06,4.605770006060059,0.013887714398903128
2021-06-28,100.04,4.605570106009418,-0.0001999000506405224
2021-06-29,99.93,4.604469940873698,-0.0011001651357203102
2021-06-30,98.29,4.587922292578538,-0.016547648295159867
2021-07-01,99.62,4.601362947645137,0.013440655066599305
2021-07-02,101.0,4.61512051684126,0.013757569196122255
2021-07-06,100.25,4.6076670661866785,-0.00745345065458114
2021-07-07,99.96,4.604770105966751,-0.002896960219927358
2021-07-08,98.36,4.588634217347992,-0.016135888618759253
2021-07-09,100.51,4.610257225036649,0.02162300768865677
2021-07-12,99.19,4.597037202757902,-0.013220022278746413
2021-07-13,99.52,4.600358628990869,0.0033214262329668287
2021-07-14,100.01,4.605270180988425,0.004911551997555996
2021-07-15,99.82,4.603368564041463,-0.0019016169469621147
2021-07-16,97.56,4.580467573347719,-0.02290099069374385
2021-07-19,97.09,4.575638383382054,-0.0048291899656653925
2021-07-20,98.16,4.586598800402656,0.01096041702060191
2021-07-21,98.28,4.587820547652979,0.0012217472503230908
2021-07-22,96.87,4.573369873438294,-0.014450674214685044
2021-07-23,97.92,4.584150818764016,0.010780945325722158
2021-07-26,97.19,4.576667825515379,-0.00748299324863666
2021-07-27,95.21,4.5560849782976,-0.020582847217779587
2021-07-28,95.53,4.559440334281917,0.003355355984317576
2021-07-29,95.76,4.561845061249718,0.0024047269678009187
2021-07-30,97.1,4.575741375297279,0.013896314047561198
2021-08-02,99.81,4.603268378698495,0.02752700340121539
2021-08-03,99.69,4.602065371034612,-0.0012030076638822607
2021-08-04,97.09,4.575638383382054,-0.026426987652558687
2021-08-05,97.91,4.5840486893659795,0.008410305983925781
2021-08-06,98.18,4.586802528629907,0.002753839263927027
2021-08-09,97.99,4.584865432647727,-0.0019370959821793932
2021-08-10,95.99,4.564244019375446,-0.020621413272281508
2021-08-11,96.84,4.573060132069858,0.008816112694412404
2021-08-12,98.34,4.5884308619837935,0.0153707299139354
2021-08-13,99.6,4.601162164590552,0.01273130260675881
2021-08-16,101.89,4.6238937999861935,0.02273163539564127
2021-08-17,99.18,4.596936381060988,-0.026957418925205978
2021-08-18,97.48,4.579647228757006,-0.01728915230398176
2021-08-19,97.38,4.578620850754555,-0.0010263780024510893
2021-08-20,98.48,4.589853481876198,0.011232631121643522
2021-08-23,99.42,4.599353300666526,0.009499818790327907
2021-08-24,99.25,4.5976419195673,-0.0017113810992261946
2021-08-25,99.78,4.6029677624328915,0.005325842865591568
2021-08-26,99.32,4.598346960639966,-0.004620801792925455
2021-08-27,100.0,4.605170185988092,0.006823225348125739
2021-08-30,99.26,4.5977426701592945,-0.007427515828797304
2021-08-31,99.11,4.596230344418617,-0.0015123257406770563
2021-09-01,98.81,4.593198814206872,-0.0030315302117456255
2021-09-02,97.85,4.583435693842085,-0.009763120364786992
2021-09-03,96.98,4.574504771677206,-0.008930922164879007
2021-09-07,94.28,4.5462690780679305,-0.02823569360927536
2021-09-08,94.22,4.545632473271895,-0.0006366047960355559
2021-09-09,94.69,4.550608397995409,0.004975924723513714
2021-09-10,94.73,4.551030739887443,0.0004223418920341615
2021-09-13,95.31,4.557134736949535,0.00610399706209197
2021-09-14,95.49,4.559021529962111,0.0018867930125763266
2021-09-15,95.84,4.562680134367139,0.0036586044050279654
2021-09-16,96.01,4.564452352709533,0.0017722183423938276
2021-09-17,93.3,4.535820107853298,-0.028632244856234834
2021-09-20,92.21,4.52406858455105,-0.011751523302248046
2021-09-21,91.51,4.516448255927287,-0.007620328623763051
2021-09-22,91.76,4.5191764728211155,0.0027282168938285167
2021-09-23,92.74,4.529799878963315,0.010623406142199698
2021-09-24,92.47,4.526884267589547,-0.0029156113737682787
2021-09-27,91.72,4.518740457989703,-0.008143809599843621
2021-09-28,89.82,4.4978076676595915,-0.02093279033011175
2021-09-29,88.73,4.485598050847247,-0.01220961681234467
2021-09-30,88.0,4.477336814478207,-0.00826123636903997
2021-10-01,88.7,4.485259889315534,0.007923074837327349
2021-10-04,87.13,4.467401256243195,-0.017858633072338925
2021-10-05,87.9,4.476199804691132,0.008798548447936483
2021-10-06,89.01,4.48874872297084,0.012548918279708055
2021-10-07,89.76,4.497139441774387,0.008390718803546804
2021-10-08,88.83,4.486724430781609,-0.010415010992777418
2021-10-11,87.77,4.474719756604026,-0.012004674177583219
2021-10-12,87.73,4.474263916140292,-0.00045584046373381426
2021-10-13,88.04,4.477791256658261,0.003527340517968547
2021-10-14,89.23,4.49121730591206,0.0134260492537992
2021-10-15,89.77,4.497250843768597,0.006033537856537485
2021-10-18,90.87,4.5094299137072555,0.012179069938658138
2021-10-19,92.76,4.530015512387331,0.02058559868007581
2021-10-20,92.08,4.522657764413627,-0.007357747973704143
2021-10-21,92.33,4.525369115784536,0.002711351370908943
2021-10-22,91.84,4.520047932571257,-0.005321183213279568
2021-10-25,91.35,4.514698282824016,-0.005349649747240726
2021-10-26,90.1,4.500920164614292,-0.013778118209724077
2021-10-27,87.64,4.473237514727265,-0.0276826498870264
2021-10-28,87.4,4.470495282661489,-0.0027422320657759514
2021-10-29,88.35,4.481306198765705,0.010810916104215806
2021-11-01,89.98,4.499587423413026,0.01828122464732118
2021-11-02,89.84,4.498030310430188,-0.0015571129828382269
2021-11-03,90.06,4.500476114873425,0.002445804443237165
2021-11-04,89.91,4.498809169996681,-0.0016669448767441253
2021-11-05,89.81,4.497696327682858,-0.001112842313823137
2021-11-08,89.84,4.498030310430188,0.00033398274733009714
2021-11-09,89.0,4.48863636973214,-0.009393940698048553
2021-11-10,88.44,4.482324355989245,-0.006312013742894251
2021-11-11,88.47,4.482663511495295,0.00033915550604923794
2021-11-12,89.93,4.499031589926425,0.016368078431129973
2021-11-15,88.48,4.482776537774025,-0.016255052152399863
2021-11-16,88.95,4.4880744141118445,0.005297876337819751
2021-11-17,87.61,4.4728951466782725,-0.015179267433572008
2021-11-18,90.35,4.503691017038237,0.030795870359964894
2021-11-19,89.57,4.495020442487104,-0.008670574551133292
2021-11-22,87.38,4.47026642352329,-0.02475401896381424
2021-11-23,86.44,4.459450531638685,-0.010815891884604412
2021-11-24,86.74,4.4629151384072205,0.0034646067685351056
2021-11-26,85.9,4.45318382899021,-0.009731309417010614
2021-11-29,85.7,4.450852825603734,-0.0023310033864758495
2021-11-30,83.41,4.42376820625352,-0.027084619350214112
2021-12-01,83.4,4.423648309364701,-0.00011989688881897109
2021-12-02,85.45,4.4479314095616,0.024283100196899277
2021-12-03,86.75,4.4630304188269685,0.015099009265368224
2021-12-06,87.06,4.4665975361241514,0.0035671172971829535
2021-12-07,88.44,4.482324355989245,0.015726819865093944
2021-12-08,89.24,4.4913293695643315,0.009005013575086096
2021-12-09,88.6,4.484131857611035,-0.0071975119532963205
2021-12-10,88.7,4.485259889315534,0.001128031704499044
2021-12-13,88.78,4.486161399405889,0.0009015100903546625
2021-12-14,90.55,4.505902184329423,0.019740784923533816
2021-12-15,91.8,4.519612297626445,0.013710113297022097
2021-12-16,92.0,4.5217885770490405,0.002176279422595684
2021-12-17,91.6,4.517431271680085,-0.004357305368955622
2021-12-20,90.39,4.50413364181032,-0.013297629869764904
2021-12-21,91.46,4.515901718229909,0.01176807641958888
2021-12-22,92.59,4.528181144459956,0.012279426230047186
2021-12-23,92.69,4.529260591887741,0.0010794474277853183
2021-12-27,93.96,4.542869159790712,0.013608567902970492
2021-12-28,94.6,4.549657476057832,0.006788316267120287
2021-12-29,95.53,4.559440334281917,0.00978285822408509
2021-12-30,95.59,4.560068212075671,0.0006278777937538393
2021-12-31,95.22,4.556190003766373,-0.0038782083092980812
2022-01-03,95.86,4.562888793731485,0.006698789965112084
2022-01-04,96.28,4.567260612914871,0.004371819183385917
2022-01-05,93.84,4.54159120434522,-0.02566940856965072
2022-01-06,92.09,4.522766359733276,-0.018824844611944336
2022-01-07,92.33,4.525369115784536,0.0026027560512602577
2022-01-10,93.28,4.535605722602182,0.010236606817645821
2022-01-11,93.08,4.533459338434091,-0.0021463841680908757
2022-01-12,92.96,4.532169293103601,-0.0012900453304904858
2022-01-13,91.87,4.520374534283375,-0.011794758820225404
2022-01-14,91.95,4.52124495105033,0.0008704167669550955
2022-01-18,90.89,4.509649984130679,-0.011594966919651561
2022-01-19,88.86,4.487062097507763,-0.02258788662291611
2022-01-20,87.99,4.477223171657469,-0.009838925850293556
2022-01-21,86.86,4.464297627106676,-0.012925544550792978
2022-01-24,87.86,4.475744638547633,0.011447011440957056
2022-01-25,85.81,4.45213554981903,-0.023609088728603567
2022-01-26,85.31,4.446291680920603,-0.005843868898426585
2022-01-27,84.41,4.4356858779956285,-0.010605802924974483
2022-01-28,86.37,4.458640393292194,0.02295451529656578
2022-01-31,87.85,4.4756308146331065,0.01699042134091222
2022-02-01,87.88,4.47597224751641,0.0003414328833031277
2022-02-02,88.0,4.477336814478207,0.001364566961797209
2022-02-03,85.29,4.446057214331018,-0.03127960014718845
2022-02-04,75.86,4.3288895362607525,-0.11716767807026596
2022-02-07,76.76,4.340683671139499,0.011794134878746476
2022-02-08,76.52,4.337552144572052,-0.003131526567447196
2022-02-09,78.54,4.363608049149864,0.02605590457781215
2022-02-10,77.69,4.3527265489623295,-0.01088150018753442
2022-02-11,76.07,4.33165396900921,-0.021072579953119508
2022-02-14,75.95,4.330075229041782,-0.0015787399674280778
2022-02-15,77.31,4.347823313332383,0.017748084290601263
2022-02-16,76.0,4.330733340286331,-0.017089973046052087
2022-02-17,75.14,4.319353040145823,-0.011380300140507948
2022-02-18,75.3,4.321480134805848,0.0021270946600244756
2022-02-22,75.15,4.319486116198983,-0.001994018606864323
2022-02-23,74.58,4.311872374750675,-0.0076137414483081756
2022-02-24,75.84,4.328625857946767,0.0167534831960916
2022-02-25,75.87,4.329021349349984,0.0003954914032169299
2022-02-28,75.1,4.318820558770089,-0.010200790579894203
2022-03-01,72.55,4.2842759793301965,-0.034544579439892864
2022-03-02,74.13,4.305820308668628,0.021544329338431645
2022-03-03,73.62,4.298916727950875,-0.0069035807177533215
2022-03-04,72.43,4.282620578207235,-0.016296149743640242
2022-03-07,71.0,4.2626798770413155,-0.019940701165919172
2022-03-08,70.59,4.256888491407381,-0.005791385633934887
2022-03-09,71.41,4.268437915561019,0.011549424153638022
2022-03-10,71.51,4.2698373000603045,0.001399384499285894
2022-03-11,70.62,4.25731339050024,-0.012523909560064439
2022-03-14,69.71,4.244343779498307,-0.012969611001932613
2022-03-15,70.93,4.261693475213995,0.017349695715688007
2022-03-16,73.11,4.291965156305224,0.030271681091228686
2022-03-17,73.19,4.293058799613136,0.0010936433079118402
2022-03-18,74.59,4.312006449967072,0.018947650353935863
2022-03-21,74.14,4.305955197722586,-0.006051252244485994
2022-03-22,76.18,4.333098961050458,0.027143763327872605
2022-03-23,75.3,4.321480134805848,-0.011618826244610858
2022-03-24,75.84,4.328625857946767,0.0071457231409191024
2022-03-25,76.7,4.33990170837321,0.011275850426443412
2022-03-28,77.88,4.3551691805039985,0.015267472130788384
2022-03-29,79.29,4.373112017284307,0.017942836780308724
2022-03-30,78.48,4.362843815257108,-0.010268202027199358
2022-03-31,78.22,4.359525369327368,-0.003318445929739511
2022-04-01,79.09,4.370586444531326,0.011061075203957493
2022-04-04,79.39,4.374372415737022,0.003785971205696015
2022-04-05,77.58,4.351309662011821,-0.023062753725200835
2022-04-06,76.68,4.339640918177444,-0.011668743834377437
2022-04-07,77.21,4.3465289823207245,0.006888064143280914
2022-04-08,77.17,4.346010780469512,-0.0005182018512126518
2022-04-11,76.89,4.342375829044089,-0.0036349514254228055
2022-04-12,77.37,4.348599108561364,0.006223279517274527
2022-04-13,77.82,4.354398467556408,0.005799358995044024
2022-04-14,77.83,4.354526960971297,0.00012849341488951893
2022-04-18,77.57,4.3511807545027805,-0.003346206468516577
2022-04-19,77.95,4.356067595503785,0.0048868410010047825
2022-04-20,77.92,4.3556826593342794,-0.0003849361695058562
2022-04-21,78.18,4.359013860364809,0.003331201030529307
2022-04-22,77.29,4.34756458111878,-0.011449279246028787
2022-04-25,77.57,4.3511807545027805,0.003616173384000554
2022-04-26,76.2,4.333361462692601,-0.017819291810179827
2022-04-27,76.04,4.331259517620229,-0.0021019450723720468
2022-04-28,78.16,4.358758007734528,0.027498490114298946
2022-04-29,77.47,4.349890764643811,-0.008867243090716848
2022-05-02,78.43,4.362206507224575,0.012315742580764066
2022-05-03,77.88,4.3551691805039985,-0.007037326720576331
2022-05-04,78.59,4.364244464878084,0.009075284374085335
2022-05-05,75.43,4.323205073865539,-0.04103939101254461
2022-05-06,71.54,4.2702567338308715,-0.05294834003466775
2022-05-09,72.41,4.28234441140073,0.01208767756985818
2022-05-10,72.28,4.280547465724028,-0.0017969456767019665
2022-05-11,72.34,4.281377226523952,0.0008297607999239176
2022-05-12,73.4,4.29592393562047,0.014546709096518562
2022-05-13,75.24,4.32068300443283,0.024759068812359786
2022-05-16,75.01,4.317621437981545,-0.0030615664512847474
2022-05-17,76.08,4.331785418237135,0.014163980255589514
2022-05-18,75.0,4.31748811353631,-0.014297304700824576
2022-05-19,75.53,4.324529928325356,0.007041814789046086
2022-05-20,75.11,4.31895370569792,-0.005576222627436067
2022-05-23,75.34,4.322011202263895,0.003057496565975093
2022-05-24,73.93,4.3031186995690085,-0.018892502694886737
2022-05-25,75.17,4.319752215189378,0.016633515620369188
2022-05-26,76.17,4.3329676843846965,0.013215469195318796
2022-05-27,78.32,4.360802998222255,0.027835313837558218
2022-05-31,77.62,4.35182512594076,-0.008977872281494825
2022-06-01,77.3,4.3476939555933765,-0.004131170347383417
2022-06-02,78.8,4.366912996863833,0.019219041270456927
2022-06-03,77.85,4.354783898280007,-0.01212909858382627
2022-06-06,77.85,4.354783898280007,0.0
2022-06-07,77.8,4.354141431184346,-0.000642467095660848
2022-06-08,77.1,4.345103280569283,-0.009038150615062968
2022-06-09,75.77,4.327702435943282,-0.017400844626001444
2022-06-10,74.26,4.307572448748934,-0.020129987194347443
2022-06-13,71.67,4.272072250005828,-0.03550019874310628
2022-06-14,71.35,4.267597343922845,-0.0044749060829829546
2022-06-15,72.28,4.280547465724028,0.01295012180118249
2022-06-16,69.96,4.247923650150401,-0.03262381557362648
2022-06-17,70.99,4.262539022051294,0.014615371900893237
2022-06-21,71.41,4.268437915561019,0.005898893509724168
2022-06-22,71.82,4.274162988797936,0.005725073236917844
2022-06-23,73.33,4.294969802105708,0.020806813307771677
2022-06-24,76.0,4.330733340286331,0.035763538180622945
2022-06-27,74.84,4.315352501405889,-0.01538083888044195
2022-06-28,73.15,4.292512127466133,-0.02284037393975602
2022-06-29,72.69,4.286203823496544,-0.006308303969588813
2022-06-30,71.56,4.270536258640519,-0.015667564856025606
2022-07-01,70.82,4.2601414466837575,-0.010394811956761174
2022-07-05,72.05,4.277360322445531,0.017218875761773944
2022-07-06,72.48,4.283310661734724,0.005950339289192641
2022-07-07,73.18,4.292922159591061,0.009611497856337081
2022-07-08,73.5,4.297285406218791,0.004363246627729467
2022-07-11,72.96,4.289911345766076,-0.007374060452714382
2022-07-12,72.24,4.27999390910873,-0.009917436657346457
2022-07-13,72.16,4.278885875754368,-0.0011080333543613818
2022-07-14,71.94,4.275832438267478,-0.0030534374868906866
2022-07-15,73.09,4.2916915584923006,0.01585912022482283
2022-07-18,72.49,4.283448621312786,-0.00824293717951452
2022-07-19,73.56,4.298101399736121,0.014652778423334567
2022-07-20,76.94,4.343025897324149,0.04492449758802852
2022-07-21,77.45,4.349632566862877,0.006606669538728127
2022-07-22,76.83,4.341595188879544,-0.008037377983333371
2022-07-25,76.11,4.3321796622793,-0.009415526600244029
2022-07-26,75.45,4.323470185213858,-0.008709477065441895
2022-07-27,76.31,4.334803991301542,0.011333806087684195
2022-07-28,76.96,4.343285806357451,0.008481815055908726
2022-07-29,77.4,4.3489867805956814,0.005700974238230572
2022-08-01,77.58,4.351309662011821,0.002322881416139566
2022-08-02,77.26,4.347176357238135,-0.004133304773685786
2022-08-03,78.34,4.361058328237685,0.013881970999549686
2022-08-04,78.32,4.360802998222255,-0.0002553300154302107
2022-08-05,78.43,4.362206507224575,0.0014035090023201136
2022-08-08,78.38,4.361568792771485,-0.0006377144530897993
2022-08-09,75.5,4.324132656254979,-0.037436136516506124
2022-08-10,79.09,4.370586444531326,0.04645378827634694
2022-08-11,79.35,4.373868446972418,0.0032820024410922244
2022-08-12,80.75,4.391357962102766,0.017489515130347577
2022-08-15,80.53,4.388629785807454,-0.002728176295311968
2022-08-16,79.82,4.379774099620588,-0.008855686186866052
2022-08-17,78.53,4.363480717386783,-0.01629338223380472
2022-08-18,79.33,4.373616367313912,0.010135649927129009
2022-08-19,78.17,4.358885942232239,-0.014730425081673104
2022-08-22,76.43,4.336375289254793,-0.022510652977445922
2022-08-23,75.33,4.321878461837604,-0.014496827417189273
2022-08-24,75.62,4.325720798462787,0.003842336625183407
2022-08-25,77.1,4.345103280569283,0.01938248210649629
2022-08-26,73.46,4.296741040391521,-0.04836224017776214
2022-08-29,74.13,4.305820308668628,0.009079268277107033
2022-08-30,73.79,4.301223221070275,-0.004597087598352978
2022-08-31,73.24,4.2937417198063095,-0.00748150126396574
2022-09-01,73.48,4.297013260346925,0.003271540540615625
2022-09-02,72.86,4.288539791580417,-0.008473468766507786
2022-09-06,72.13,4.278470046515581,-0.010069745064836155
2022-09-07,73.9,4.302712827954156,0.024242781438575278
2022-09-08,73.93,4.3031186995690085,0.00040587161485206025
2022-09-09,75.01,4.317621437981545,0.014502738412536686
2022-09-12,75.88,4.3291531450668135,0.011531707085268295
2022-09-13,74.34,4.308649164869106,-0.020503980197707605
2022-09-14,73.88,4.302442155331039,-0.0062070095380670764
2022-09-15,73.08,4.291554731509806,-0.010887423821232645
2022-09-16,72.84,4.288265254859407,-0.0032894766503988038
2022-09-19,72.98,4.290185431008302,0.0019201761488947255
2022-09-20,71.99,4.276527220481212,-0.013658210527090375
2022-09-21,70.9,4.2612704335380815,-0.015256786943130152
2022-09-22,69.59,4.2426208788567585,-0.01864955468132301
2022-09-23,68.01,4.219654753187547,-0.0229661256692113
2022-09-26,67.46,4.2115348296335045,-0.008119923554042785
2022-09-27,66.73,4.200654626915515,-0.010880202717989285
2022-09-28,67.53,4.212571943586751,0.011917316671235412
2022-09-29,65.69,4.184946706904381,-0.02762523668236927
2022-09-30,65.15,4.176692303570854,-0.00825440333352745
2022-10-03,66.31,4.194340715380776,0.017648411809922493
2022-10-04,68.37,4.2249341319257026,0.0305934165449262
2022-10-05,68.16,4.221857882521061,-0.0030762494046419064
2022-10-06,67.45,4.211386582653765,-0.010471299867295336
2022-10-07,64.87,4.172385267224964,-0.03900131542880114
2022-10-10,64.19,4.161847435323687,-0.010537831901276995
2022-10-11,63.44,4.150094577326593,-0.011752857997094246
2022-10-12,63.46,4.150409786155049,0.0003152088284563703
2022-10-13,64.7,4.169761201506855,0.019351415351805734
2022-10-14,64.28,4.163248540869312,-0.006512660637542744
2022-10-17,65.7,4.185098925490565,0.021850384621252772
2022-10-18,65.97,4.1892000932347795,0.004101167744214429
2022-10-19,65.35,4.179757440070231,-0.009442653164548176
2022-10-20,65.19,4.177306082936448,-0.002451357133783638
2022-10-21,66.37,4.195245147157833,0.017939064221385692
2022-10-24,65.0,4.174387269895637,-0.020857877262196567
2022-10-25,65.47,4.181592022453,0.007204752557362859
2022-10-26,65.12,4.176231721694285,-0.005360300758714409
2022-10-27,65.58,4.1832707714165025,0.00703904972221725
2022-10-28,66.97,4.204244757921959,0.020973986505456566
2022-10-31,66.84,4.202301703727193,-0.0019430541947658142
2022-11-01,67.62,4.21390379727974,0.011602093552546933
2022-11-02,66.37,4.195245147157833,-0.018658650121906817
2022-11-03,65.4,4.180522258463153,-0.014722888694680414
2022-11-04,66.9,4.203198967134183,0.02267670867103
2022-11-07,66.57,4.198254025612612,-0.004944941521570989
2022-11-08,67.2,4.207673247529104,0.009419221916491693
2022-11-09,66.36,4.195094465322244,-0.012578782206859707
2022-11-10,69.62,4.243051882383293,0.04795741706104906
2022-11-11,70.37,4.253767035978457,0.010715153595164395
2022-11-14,70.59,4.256888491407381,0.00312145542892317
2022-11-15,70.82,4.2601414466837575,0.003252955276376923
2022-11-16,70.12,4.250208060053033,-0.009933386630724073
2022-11-17,69.75,4.244917420701475,-0.0052906393515588235
2022-11-18,69.07,4.235120483100881,-0.009796937600593303
2022-11-21,68.23,4.222884350827332,-0.012236132273549138
2022-11-22,69.56,4.242189689486082,0.01930533865875006
2022-11-23,71.3,4.26689632742025,0.02470663793416783
2022-11-25,72.07,4.27763786893635,0.01074154151609985
2022-11-28,71.71,4.272630207894483,-0.005007661041866562
2022-11-29,72.18,4.279162999214643,0.006532791320159603
2022-11-30,74.87,4.315753276242594,0.036590277027951146
2022-12-01,76.1,4.33204826486764,0.01629498862504608
2022-12-02,76.16,4.33283639048311,0.0007881256154700367
2022-12-05,75.65,4.326117440234365,-0.006718950248744804
2022-12-06,74.15,4.306090068583941,-0.02002737165042401
2022-12-07,73.07,4.291417885803126,-0.01467218278081539
2022-12-08,73.75,4.300680995219929,0.009263109416803417
2022-12-09,73.0,4.290459441148391,-0.010221554071538463
2022-12-12,73.37,4.295515132725903,0.005055691577512178
2022-12-13,73.66,4.299459911016919,0.003944778291016249
2022-12-14,73.17,4.292785500895938,-0.0066744101209810225
2022-12-15,71.07,4.263665306838804,-0.02912019405713462
2022-12-16,70.8,4.259859000699674,-0.0038063061391300224
2022-12-19,68.56,4.227709274289524,-0.03214972641014935
2022-12-20,68.2,4.222444564849416,-0.005264709440107929
2022-12-21,68.81,4.231349083214389,0.008904518364972525
2022-12-22,68.61,4.2284382967028,-0.0029107865115891585
2022-12-23,69.24,4.237578730308009,0.009140433605208997
2022-12-27,69.45,4.240607069200353,0.0030283388923439958
2022-12-28,68.72,4.230040277676,-0.010566791524352581
2022-12-29,70.45,4.254903238344689,0.024862960668689205
2022-12-30,70.54,4.256179924807906,0.0012766864632167696
2023-01-03,71.05,4.263383854543109,0.007203929735203118
2023-01-04,71.71,4.272630207894483,0.009246353351374026
2023-01-05,71.05,4.263383854543109,-0.009246353351374026
2023-01-06,72.9,4.289088639014612,0.02570478447150304
2023-01-09,74.45,4.310127759130018,0.021039120115405652
2023-01-10,74.59,4.312006449967072,0.0018786908370538313
2023-01-11,76.04,4.331259517620229,0.01925306765315682
2023-01-12,75.58,4.325191697921343,-0.006067819698885479
2023-01-13,75.55,4.3247946887187485,-0.000397009202594667
2023-01-17,75.59,4.325323999304086,0.0005293105853372282
2023-01-18,76.42,4.336244442018754,0.010920442714668077
2023-01-19,77.09,4.344973570471171,0.008729128452417356
2023-01-20,78.29,4.360419880919823,0.015446310448651523
2023-01-23,79.09,4.370586444531326,0.010166563611503143
2023-01-24,79.3,4.373238128640803,0.002651684109476804
2023-01-25,79.19,4.371850028222321,-0.001388100418481919
2023-01-26,79.71,4.378395048439832,0.006545020217511244
2023-01-27,79.78,4.379272846477261,0.000877798037429045
2023-01-30,78.06,4.357477761752469,-0.021795084724791636
2023-01-31,79.56,4.3765114539857715,0.01903369223330209
2023-02-01,80.42,4.387262901469128,0.010751447483356102
2023-02-02,82.67,4.414856779264584,0.0275938777954563
2023-02-03,86.41,4.4591034098533076,0.04424663058872369
2023-02-06,83.92,4.4298639640880415,-0.029239445765266048
2023-02-07,84.81,4.440413460373609,0.01054949628556745
2023-02-08,84.22,4.433432422733782,-0.006981037639826937
2023-02-09,83.94,4.430102257905445,-0.0033301648283368124
2023-02-10,83.71,4.427358444671965,-0.0027438132334802745
2023-02-13,83.39,4.423528398098894,-0.0038300465730705113
2023-02-14,83.82,4.4286716424969255,0.005143244398031044
2023-02-15,84.72,4.439351701293151,0.010680058796225467
2023-02-16,84.26,4.433907256550871,-0.005444444742280119
2023-02-17,83.51,4.424966385165138,-0.008940871385732407
2023-02-21,82.45,4.412192049005608,-0.01277433615953072
2023-02-22,82.35,4.410978456623649,-0.001213592381958506
2023-02-23,82.74,4.4157031610332655,0.004724704409616365
2023-02-24,81.96,4.406231323370699,-0.009471837662566429
2023-02-27,82.05,4.4073288175361,0.0010974941654007253
2023-02-28,82.28,4.4101280647847565,0.0027992472486566555
2023-03-01,82.21,4.409276949164042,-0.0008511156207147152
2023-03-02,82.95,4.418238016636454,0.008961067472411877
2023-03-03,83.47,4.424487285862646,0.006249269226191956
2023-03-06,82.34,4.410857016341759,-0.013630269520886529
2023-03-07,82.51,4.412919498116252,0.0020624817744927526
2023-03-08,82.73,4.415582293202092,0.0026627950858397753
2023-03-09,81.64,4.402319337941644,-0.01326295526044774
2023-03-10,80.25,4.385146762010125,-0.017172575931518885
2023-03-13,80.0,4.382026634673881,-0.003120127336243783
2023-03-14,80.95,4.393831680123644,0.011805045449762908
2023-03-15,79.86,4.380275101635076,-0.013556578488568505
2023-03-16,82.19,4.409033640160408,0.02875853852533261
2023-03-17,80.75,4.391357962102766,-0.017675678057642585
2023-03-20,82.61,4.414130738574414,0.022772776471648548
2023-03-21,83.36,4.423168578005057,0.009037839430642514
2023-03-22,82.06,4.40745068701404,-0.015717890991016503
2023-03-23,82.5,4.412798293340635,0.0053476063265947005
2023-03-24,82.83,4.416790314610172,0.00399202126953746
2023-03-27,83.44,4.424127810692517,0.0073374960823446855
2023-03-28,83.24,4.421728001525434,-0.0023998091670831556
2023-03-29,83.8,4.428433007488037,0.006705005962603039
2023-03-30,84.33,4.43473767358655,0.006304666098513323
2023-03-31,85.42,4.44758026541332,0.012842591826769834
2023-04-03,85.49,4.448399410038142,0.0008191446248222434
2023-04-04,84.97,4.44229825301545,-0.00610115702269276
2023-04-05,84.39,4.435448911169876,-0.006849341845573953
2023-04-06,84.45,4.436159643253809,0.000710732083933685
2023-04-10,84.43,4.435922788681409,-0.00023685457240052443
2023-04-11,84.27,4.434025929784262,-0.001896858897146636
2023-04-12,84.45,4.436159643253809,0.0021337134695471605
2023-04-13,85.91,4.453300236649965,0.0171405933961557
2023-04-14,85.57,4.449334754429963,-0.003965482220001704
2023-04-17,85.64,4.450152463721482,0.0008177092915184758
2023-04-18,85.8,4.4520190064939165,0.0018665427724346983
2023-04-19,85.34,4.446643277759854,-0.005375728734062335
2023-04-20,85.03,4.443004135397701,-0.003639142362152903
2023-04-21,84.29,4.434263234009391,-0.008740901388310185
2023-04-24,83.48,4.4246070822090005,-0.009656151800390589
2023-04-25,82.43,4.411949448325136,-0.012657633883864428
2023-04-26,81.95,4.406109305189839,-0.00584014313529746
2023-04-27,83.37,4.423288532422522,0.017179227232683836
2023-04-28,83.69,4.427119496044782,0.0038309636222599863
2023-05-01,83.44,4.424127810692517,-0.0029916853522653497
2023-05-02,82.48,4.412555839708705,-0.011571970983812463
2023-05-03,82.76,4.415944852877343,0.0033890131686380442
2023-05-04,81.82,4.404521712501253,-0.011423140376090046
2023-05-05,84.69,4.4389975309335075,0.03447581843225489
2023-05-08,83.92,4.4298639640880415,-0.009133566845465957
2023-05-09,84.12,4.432244350834499,0.0023803867464575745
2023-05-10,85.44,4.447814375211885,0.01557002437738575
2023-05-11,84.2,4.4331949212482815,-0.014619453963603313
2023-05-12,84.15,4.432600920636815,-0.0005940006114668606
2023-05-15,84.32,4.434619084793052,0.0020181641562375674
2023-05-16,83.4,4.423648309364701,-0.010970775428351232
2023-05-17,83.37,4.423288532422522,-0.00035977694217859124
2023-05-18,83.42,4.423888088768799,0.0005995563462768416
2023-05-19,83.6,4.426043520090656,0.0021554313218565824
2023-05-22,83.38,4.423408472452651,-0.002635047638005261
2023-05-23,82.7,4.415219602029645,-0.008188870423005312
2023-05-24,81.9,4.405498990859024,-0.009720611170621396
2023-05-25,82.19,4.409033640160408,0.0035346493013843627
2023-05-26,82.11,4.4080598117206975,-0.0009738284397107222
2023-05-30,81.06,4.395189621200163,-0.012870190520534841
2023-05-31,82.53,4.413161863604593,0.017972242404430183
2023-06-01,81.87,4.405132623388357,-0.008029240216235856
2023-06-02,83.43,4.424007956913983,0.018875333525626203
2023-06-05,82.73,4.415582293202092,-0.008425663711891573
2023-06-06,82.98,4.418599614904722,0.003017321702630582
2023-06-07,82.95,4.418238016636454,-0.000361598268268537
2023-06-08,83.5,4.42484663185681,0.006608615220356384
2023-06-09,83.09,4.41992435767689,-0.004922274179920194
2023-06-12,84.16,4.4327197489894,0.012795391312510063
2023-06-13,84.53,4.437106500940836,0.004386751951436452
2023-06-14,84.21,4.433313679041901,-0.0037928218989353724
2023-06-15,84.22,4.433432422733782,0.00011874369188102918
2023-06-16,83.98,4.430578675256047,-0.0028537474777348137
2023-06-20,84.47,4.436396441739405,0.005817766483358078
2023-06-21,83.2,4.421247347827163,-0.015149093912242506
2023-06-22,82.79,4.416307281150715,-0.004940066676447863
2023-06-23,80.93,4.393584583507611,-0.022722697643104084
2023-06-26,81.3,4.398146016553765,0.004561433046154306
2023-06-27,82.3,4.410371107683024,0.012225091129258736
2023-06-28,82.72,4.415461410760119,0.005090303077095015
2023-06-29,82.5,4.412798293340635,-0.0026631174194839957
2023-06-30,83.68,4.427000000316613,0.014201706975978112
2023-07-03,83.67,4.426880490307507,-0.00011951000910581655
2023-07-05,83.82,4.4286716424969255,0.001791152189418277
2023-07-06,85.31,4.446291680920603,0.017620038423677542
2023-07-07,85.87,4.452834524684393,0.006542843763789996
2023-07-10,87.49,4.471524501118173,0.01868997643378023
2023-07-11,88.78,4.486161399405889,0.014636898287715638
2023-07-12,89.92,4.498920386145381,0.012758986739491718
2023-07-13,90.62,4.506674939238992,0.007754553093611172
2023-07-14,89.38,4.492896943505305,-0.013777995733686765
2023-07-17,89.03,4.48897339158558,-0.0039235519197253765
2023-07-18,89.79,4.497473610532717,0.008500218947137483
2023-07-19,90.06,4.500476114873425,0.0030025043407082563
2023-07-20,88.87,4.487174627750384,-0.013301487123041689
2023-07-21,88.8,4.486386649998124,-0.0007879777522594722
2023-07-24,88.57,4.483793199821491,-0.0025934501766329277
2023-07-25,89.3,4.492001487882454,0.00820828806096241
2023-07-26,89.22,4.491105229700119,-0.0008962581823350746
2023-07-27,87.69,4.4738078677912645,-0.017297361908854114
2023-07-28,88.43,4.482211278587644,0.008403410796379518
2023-07-31,88.61,4.484244718059211,0.002033439471566645
2023-08-01,88.87,4.487174627750384,0.002929909691173016
2023-08-02,87.87,4.475858449507752,-0.011316178242632091
2023-08-03,87.84,4.47551697776122,-0.00034147174653131884
2023-08-04,79.25,4.37260741275739,-0.10290956500382986
2023-08-07,78.94,4.368688070234701,-0.0039193425226891065
2023-08-08,77.56,4.351051830374451,-0.017636239860250313
2023-08-09,77.13,4.345492309945908,-0.005559520428542797
2023-08-10,76.9,4.3425058765115985,-0.00298643343430971
2023-08-11,76.69,4.339771321776768,-0.002734554734830752
2023-08-14,78.01,4.356837023600222,0.017065701823454127
2023-08-15,77.12,4.34536265030229,-0.011474373297931884
2023-08-16,76.09,4.331916850188431,-0.013445800113858652
2023-08-17,76.82,4.341465022917759,0.009548172729327398
2023-08-18,84.81,4.440413460373609,0.09894843745585025
2023-08-21,85.66,4.450385972187225,0.009972511813615803
2023-08-22,83.15,4.420646205638937,-0.029739766548288138
2023-08-23,83.58,4.425804257019769,0.0051580513808326955
2023-08-24,82.84,4.416911036527384,-0.008893220492385723
2023-08-25,83.62,4.426282725928419,0.00937168940103561
2023-08-28,84.21,4.433313679041901,0.007030953113481786
2023-08-29,84.98,4.442415934686665,0.009102255644764412
2023-08-30,85.29,4.446057214331018,0.0036412796443530127
2023-08-31,84.47,4.436396441739405,-0.009660772591613132
2023-09-01,85.03,4.443004135397701,0.006607693658295943
2023-09-05,84.48,4.436514819957951,-0.006489315439750065
2023-09-06,83.99,4.430697744137536,-0.005817075820415241
2023-09-07,83.93,4.429983118094737,-0.0007146260427992601
2023-09-08,83.52,4.425086124134329,-0.0048969939604077695
2023-09-11,83.46,4.424367475163407,-0.0007186489709223309
2023-09-12,82.02,4.406963119963913,-0.017404355199493793
2023-09-13,81.48,4.400357591358605,-0.006605528605307498
2023-09-14,82.32,4.410614091525794,0.010256500167188598
2023-09-15,81.77,4.4039104281738854,-0.006703663351908418
2023-09-18,82.47,4.4124345908452645,0.00852416267137901
2023-09-19,82.38,4.411342689007935,-0.0010919018373298783
2023-09-20,81.84,4.404766121643371,-0.006576567364563246
2023-09-21,81.28,4.397899983830172,-0.006866137813199558
2023-09-22,81.24,4.397407736712184,-0.0004922471179877874
2023-09-25,80.53,4.388629785807454,-0.008777950904730325
2023-09-26,78.36,4.36131359307634,-0.02731619273111363
2023-09-27,78.28,4.360292142527875,-0.0010214505484649194
2023-09-28,79.34,4.373742415086184,0.013450272558308995
2023-09-29,79.26,4.372733587762289,-0.0010088273238952894
2023-10-02,80.7,4.390738575275903,0.018004987513614346
2023-10-03,79.15,4.371344786327021,-0.019393788948882218
2023-10-04,79.62,4.377265317572172,0.005920531245150684
2023-10-05,79.86,4.380275101635076,0.003009784062903975
2023-10-06,80.62,4.38974675768902,0.009471656053944066
2023-10-09,80.88,4.392966574712216,0.003219817023196292
2023-10-10,81.66,4.40256428589143,0.009597711179213597
2023-10-11,81.81,4.404399485525607,0.0018351996341774424
2023-10-12,81.3,4.398146016553765,-0.006253468971841869
2023-10-13,80.44,4.387511564904451,-0.01063445164931398
2023-10-16,81.55,4.401216329067023,0.013704764162572047
2023-10-17,82.01,4.40684119104832,0.00562486198129708
2023-10-18,80.79,4.391853195491617,-0.014987995556703382
2023-10-19,80.41,4.387138546560058,-0.00471464893155904
2023-10-20,79.88,4.380525508547614,-0.006613038012443617
2023-10-23,80.0,4.382026634673881,0.0015011261262669606
2023-10-24,80.59,4.38937457233642,0.007347937662538939
2023-10-25,79.46,4.375253750386452,-0.014120821949967777
2023-10-26,79.23,4.372355014977151,-0.0028987354093015227
2023-10-27,78.64,4.364880475838911,-0.007474539138240033
2023-10-30,79.47,4.375379591952088,0.01049911611317711
2023-10-31,80.94,4.393708139447719,0.018328547495631398
2023-11-01,81.55,4.401216329067023,0.007508189619303884
2023-11-02,83.49,4.424726864205909,0.023510535138886013
2023-11-03,84.73,4.439469730210373,0.014742866004463728
2023-11-06,85.1,4.443827035579329,0.004357305368955622
2023-11-07,85.96,4.453882071774309,0.010055036194980715
2023-11-08,85.85,4.4526015873434845,-0.0012804844308247354
2023-11-09,85.56,4.449217884214205,-0.0033837031292796027
2023-11-10,87.12,4.467286478624705,0.018068594410499905
2023-11-13,86.68,4.462223176668158,-0.005063301956546695
2023-11-14,88.52,4.483228515182849,0.021005338514690663
2023-11-15,88.66,4.484808829316908,0.0015803141340589022
2023-11-16,87.77,4.474719756604026,-0.01008907271288173
2023-11-17,81.57,4.401461547312489,-0.07325820929153704
2023-11-20,83.67,4.426880490307507,0.025418942995018234
2023-11-21,85.0,4.442651256490317,0.01577076618280948
2023-11-22,86.67,4.462107803146254,0.019456546655937323
2023-11-24,86.46,4.4596818792394854,-0.0024259239067685456
2023-11-27,86.76,4.463145685958674,0.0034638067191883337
2023-11-28,86.51,4.460260014192283,-0.0028856717663909848
2023-11-29,86.09,4.455393260669863,-0.004866753522419387
2023-11-30,86.13,4.455857782801083,0.0004645221312191694
2023-12-01,87.0,4.465908118654584,0.010050335853501124
2023-12-04,87.87,4.475858449507752,0.009950330853167877
2023-12-05,87.54,4.47209583176275,-0.0037626177450018616
2023-12-06,87.65,4.473351611367243,0.0012557796044934122
2023-12-07,88.09,4.478359019121704,0.0050074077544612905
2023-12-08,89.38,4.492896943505305,0.014537924383600576
2023-12-11,89.34,4.492449315923973,-0.00044762758133209957
2023-12-12,88.82,4.486611849863956,-0.005837466060016894
2023-12-13,88.11,4.4785860338786385,-0.008025815985317486
2023-12-14,88.6,4.484131857611035,0.005545823732396649
2023-12-15,87.49,4.471524501118173,-0.012607356492861932
2023-12-18,85.85,4.4526015873434845,-0.018922913774688688
2023-12-19,85.5,4.448516375942715,-0.004085211400769673
2023-12-20,85.75,4.45143608604605,0.002919710103334694
2023-12-21,85.23,4.445353484534206,-0.006082601511843144
2023-12-22,85.66,4.450385972187225,0.005032487653018336
2023-12-26,86.4,4.45898767581001,0.00860170362278545
2023-12-27,86.44,4.459450531638685,0.0004628558286752238
2023-12-28,86.89,4.464642950851115,0.0051924192124293
2023-12-29,86.18,4.456438132187692,-0.008204818663422486
2024-01-02,85.72,4.451086170605376,-0.0053519615823161
2024-01-03,84.58,4.437697832044343,-0.013388338561033386
2024-01-04,84.55,4.4373430753445895,-0.00035475669975326696
2024-01-05,84.32,4.434619084793052,-0.0027239905515372698
2024-01-08,84.97,4.44229825301545,0.007679168222397337
2024-01-09,84.71,4.4392336584434595,-0.0030645945719900425
2024-01-10,84.9,4.441474093317302,0.0022404348738422897
2024-01-11,85.65,4.450269224770129,0.008795131452827398
2024-01-12,85.75,4.45143608604605,0.0011668612759203612
2024-01-16,84.64,4.438406968109989,-0.01302911793606043
2024-01-17,83.53,4.425205848767815,-0.01320111934217394
2024-01-18,84.26,4.433907256550871,0.008701407783055615
2024-01-19,84.37,4.435211888177536,0.0013046316266649427
2024-01-22,85.19,4.444884056054749,0.009672167877213589
2024-01-23,85.76,4.451552697322492,0.006668641267742359
2024-01-24,85.19,4.444884056054749,-0.006668641267742359
2024-01-25,84.62,4.438170645291922,-0.006713410762827721
2024-01-26,84.15,4.432600920636815,-0.005569724655106967
2024-01-29,84.68,4.4388794462666645,0.006278525629849874
2024-01-30,84.66,4.438643235092778,-0.00023621117388650248
2024-01-31,83.18,4.421006934314765,-0.017636300778012703
2024-02-01,84.82,4.4405313640464446,0.019524429731679227
2024-02-02,80.26,4.385271364838771,-0.05525999920767344
2024-02-05,78.97,4.36906803350949,-0.016203331329281312
2024-02-06,79.4,4.37449836825309,0.00543033474360044
2024-02-07,79.22,4.372228792193771,-0.0022695760593194336
2024-02-08,80.7,4.390738575275903,0.01850978308213236
2024-02-09,80.58,4.389250479763201,-0.0014880955127019035
2024-02-12,79.85,4.380149874661021,-0.009100605102180026
2024-02-13,78.04,4.357221515754911,-0.022928358906110446
2024-02-14,79.36,4.373994462976618,0.016772947221706858
2024-02-15,79.0,4.3694478524670215,-0.0045466105095961495
2024-02-16,78.06,4.357477761752469,-0.011970090714552128
2024-02-20,78.31,4.360675308762846,0.0031975470103766668
2024-02-21,78.83,4.367293635071817,0.0066183263089705235
2024-02-22,79.71,4.378395048439832,0.0111014133680154
2024-02-23,79.99,4.3819016268607305,0.0035065784208985207
2024-02-26,81.08,4.395436321583799,0.013534694723068341
2024-02-27,81.27,4.397776944765114,0.0023406231813147826
2024-02-28,81.85,4.404888303817144,0.007111359052029975
2024-02-29,81.0,4.394449154672439,-0.010439149144704452
2024-03-01,82.35,4.410978456623649,0.01652930195121005
2024-03-04,82.6,4.414009680526933,0.0030312239032834754
2024-03-05,81.19,4.396792086874355,-0.017217593652577357
2024-03-06,81.54,4.401093697391107,0.004301610516751708
2024-03-07,82.34,4.410857016341759,0.009763318950652078
2024-03-08,82.82,4.416669578117421,0.0058125617756621395
2024-03-11,83.83,4.428790938649766,0.012121360532344916
2024-03-12,83.88,4.429387206033719,0.0005962673839530197
2024-03-13,84.15,4.432600920636815,0.0032137146030954966
2024-03-14,83.46,4.424367475163407,-0.008233445473408096
2024-03-15,83.82,4.4286716424969255,0.004304167333518905
2024-03-18,83.76,4.427955566562281,-0.000716075934644067
2024-03-19,83.65,4.426641427432833,-0.0013141391294482219
2024-03-20,83.99,4.430697744137536,0.004056316704702745
2024-03-21,84.14,4.432482078162375,0.0017843340248386852
2024-03-22,83.71,4.427358444671965,-0.005123633490409674
2024-03-25,83.22,4.421487703554795,-0.00587074111717012
2024-03-26,82.53,4.413161863604593,-0.008325839950201974
2024-03-27,83.57,4.425684604013345,0.012522740408751787
2024-03-28,83.77,4.428074948165718,0.0023903441523733804
2024-04-01,83.56,4.425564936688365,-0.002510011477353302
2024-04-02,83.4,4.423648309364701,-0.001916627323663711
2024-04-03,82.87,4.417273114860951,-0.006375194503750237
2024-04-04,82.13,4.408303357752101,-0.00896975710884984
2024-04-05,82.51,4.412919498116252,0.0046161403641509224
2024-04-08,83.17,4.420886705880596,0.00796720776434423
2024-04-09,83.39,4.423528398098894,0.0026416922182983527
2024-04-10,81.36,4.398883751740304,-0.024644646358590094
2024-04-11,81.52,4.400848388914469,0.0019646371741650626
2024-04-12,80.19,4.384398818818937,-0.016449570095532273
2024-04-15,78.61,4.3644989178056655,-0.01989990101327166
2024-04-16,78.64,4.364880475838911,0.000381558033245355
2024-04-17,77.98,4.356452383554451,-0.00842809228445951
2024-04-18,78.29,4.360419880919823,0.003967497365371386
2024-04-19,78.18,4.359013860364809,-0.0014060205550139315
2024-04-22,78.81,4.3670398923655585,0.008026032000749694
2024-04-23,79.16,4.371471120734365,0.004431228368806828
2024-04-24,79.58,4.376762804998783,0.005291684264417285
2024-04-25,79.91,4.380901001386372,0.004138196387589055
2024-04-26,79.2,4.37197629882038,-0.008924702565991538
2024-04-29,79.37,4.374120463102784,0.0021441642824040485
2024-04-30,77.66,4.352340324303521,-0.021780138799263327
2024-05-01,77.58,4.351309662011821,-0.001030662291699791
2024-05-02,79.71,4.378395048439832,0.02708538642801095
2024-05-03,82.08,4.407694381422459,0.029299332982627213
2024-05-06,82.0,4.406719247264253,-0.0009751341582058259
2024-05-07,82.94,4.418117454818235,0.011398207553981798
2024-05-08,82.63,4.414372810713093,-0.003744644105141859
2024-05-09,82.81,4.416548827045609,0.002176016332515296
2024-05-10,82.72,4.415461410760119,-0.0010874162854896952
2024-05-13,82.22,4.409398581469732,-0.0060628292903865955
2024-05-14,82.57,4.413646418429337,0.004247836959605067
2024-05-15,83.7,4.4272389774954295,0.013592559066092136
2024-05-16,83.62,4.426282725928419,-0.0009562515670102911
2024-05-17,83.85,4.429029488269218,0.0027467623407986252
2024-05-20,82.69,4.415098675734075,-0.0139308125351425
2024-05-21,81.63,4.402196841463264,-0.01290183427081093
2024-05-22,81.13,4.396052806406973,-0.0061440350562911306
2024-05-23,80.04,4.382526509715532,-0.013526296691440898
2024-05-24,79.71,4.378395048439832,-0.00413146127570041
2024-05-28,79.29,4.373112017284307,-0.005283031155524753
2024-05-29,78.23,4.359653205696989,-0.013458811587318209
2024-05-30,79.29,4.373112017284307,0.013458811587318209
2024-05-31,81.01,4.3945726038424,0.02146058655809302
2024-06-03,80.8,4.39197696552705,-0.002595638315350257
2024-06-04,80.59,4.38937457233642,-0.002602393190629826
2024-06-05,79.96,4.3815265096322,-0.00784806270422056
2024-06-06,80.01,4.382151626862033,0.0006251172298332719
2024-06-07,79.35,4.373868446972418,-0.0082831798896148
2024-06-10,79.11,4.370839289033305,-0.0030291579391130696
2024-06-11,79.23,4.372355014977151,0.0015157259438458581
2024-06-12,79.02,4.369700984983244,-0.002654029993906626
2024-06-13,77.94,4.355939299910563,-0.01376168507268094
2024-06-14,78.23,4.359653205696989,0.0037139057864257197
2024-06-17,78.97,4.36906803350949,0.009414827812500803
2024-06-18,78.75,4.366278277705742,-0.002789755803747518
2024-06-20,79.17,4.3715974391833425,0.005319161477600254
2024-06-21,79.99,4.3819016268607305,0.010304187677387944
2024-06-24,80.13,4.383650315789979,0.0017486889292488428
2024-06-25,78.5,4.363098624788363,-0.020551691001616135
2024-06-26,78.63,4.364753306003425,0.0016546812150615153
2024-06-27,79.26,4.372733587762289,0.007980281758864116
2024-06-28,79.23,4.372355014977151,-0.0003785727851379761
2024-07-01,80.24,4.38502214365368,0.012667128676529416
2024-07-02,80.35,4.386392092183521,0.0013699485298408476
2024-07-03,80.0,4.382026634673881,-0.004365457509639903
2024-07-05,79.83,4.379899373657707,-0.002127261016173776
2024-07-08,79.54,4.376260039779544,-0.0036393338781630646
2024-07-09,78.88,4.36792771029438,-0.008332329485164713
2024-07-10,79.01,4.369574426734642,0.0016467164402627077
2024-07-11,79.62,4.377265317572172,0.007690890837529274
2024-07-12,79.81,4.379648809887917,0.002383492315745528
2024-07-15,79.62,4.377265317572172,-0.002383492315745528
2024-07-16,80.44,4.387511564904451,0.010246247332279523
2024-07-17,81.27,4.397776944765114,0.010265379860662449
2024-07-18,80.8,4.39197696552705,-0.005799979238063635
2024-07-19,78.9,4.368181227851829,-0.02379573767522114
2024-07-22,80.33,4.386143150185721,0.01796192233389249
2024-07-23,78.58,4.364117214130314,-0.02202593605540759
2024-07-24,77.74,4.353369925424077,-0.01074728870623698
2024-07-25,77.8,4.354141431184346,0.0007715057602695197
2024-07-26,78.37,4.361441201064773,0.0072997698804266875
2024-07-29,78.68,4.365388993520859,0.003947792456085786
2024-07-30,78.48,4.362843815257108,-0.0025451782637508913
2024-07-31,78.76,4.366405253770925,0.0035614385138167393
2024-08-01,77.05,4.344454561766125,-0.0219506920047996
2024-08-02,76.24,4.333886259345946,-0.01056830242017881
2024-08-05,73.58,4.2983732496766285,-0.0355130096693177
2024-08-06,73.57,4.298237333944173,-0.0001359157324554161
2024-08-07,73.22,4.29346860769209,-0.0047687262520828
2024-08-08,67.96,4.2189192968037315,-0.07454931088835881
2024-08-09,67.58,4.213312081286144,-0.0056072155175872496
2024-08-12,66.75,4.200954297280359,-0.012357784005785355
2024-08-13,69.44,4.240463070352095,0.03950877307173606
2024-08-14,70.11,4.250065437218876,0.009602366866781509
2024-08-15,71.82,4.274162988797936,0.024097551579060017
2024-08-16,71.79,4.273745190588392,-0.0004177982095443511
2024-08-19,71.93,4.2756934238792645,0.0019482332908724587
2024-08-20,72.47,4.28317268312119,0.0074792592419257176
2024-08-21,73.55,4.297965447047447,0.014792763926256391
2024-08-22,71.9,4.275276264727001,-0.02268918232044559
2024-08-23,71.57,4.270675991750506,-0.004600272976494679
2024-08-26,71.07,4.263665306838804,-0.007010684911702647
2024-08-27,71.4,4.268297869345539,0.004632562506735383
2024-08-28,70.05,4.249209272783016,-0.01908859656252293
2024-08-29,71.55,4.27039650600246,0.021187233219444046
2024-08-30,71.36,4.267737488271754,-0.0026590177307062035
2024-09-03,70.33,4.2531984503199265,-0.014539037951827538
2024-09-04,70.68,4.2581626474514955,0.004964197131569037
2024-09-05,69.19,4.23685634351072,-0.021306303940775706
2024-09-06,68.48,4.226541731833486,-0.010314611677233465
2024-09-09,69.11,4.235699438103303,0.009157706269816934
2024-09-10,69.33,4.238877712954399,0.003178274851095786
2024-09-11,69.55,4.242045918369452,0.003168205415052583
2024-09-12,69.72,4.24448722065182,0.002441302282368163
2024-09-13,71.7,4.272490747605575,0.028003526953755298
2024-09-16,71.7,4.272490747605575,0.0
2024-09-17,71.88,4.274998061915358,0.0025073143097831263
2024-09-18,72.68,4.28606624352797,0.011068181612611916
2024-09-19,72.61,4.285102653392156,-0.0009635901358144849
2024-09-20,73.26,4.294014757350668,0.008912103958512496
2024-09-23,72.85,4.288402532641213,-0.005612224709454772
2024-09-24,74.3,4.308110951723713,0.019708419082499873
2024-09-25,74.99,4.317354771313298,0.009243819589584312
2024-09-26,75.84,4.328625857946767,0.011271086633469096
2024-09-27,75.61,4.3255885495701785,-0.0030373083765882214
2024-09-30,76.53,4.33768282082183,0.012094271251651634
2024-10-01,75.85,4.328757705794541,-0.008925115027288655
2024-10-02,76.69,4.339771321776768,0.011013615982226277
2024-10-03,75.62,4.325720798462787,-0.014050523313980712
2024-10-04,75.71,4.326910252115215,0.00118945365242773
2024-10-07,74.74,4.314015424057338,-0.012894828057876673
2024-10-08,74.17,4.306359755748467,-0.0076556683088711
2024-10-09,73.87,4.302306791540646,-0.004052964207820864
2024-10-10,73.28,4.294287720365875,-0.008019071174770964
2024-10-11,74.06,4.304875575485466,0.01058785511959126
2024-10-14,74.36,4.308918162853243,0.00404258736777674
2024-10-15,73.5,4.297285406218791,-0.011632756634452512
2024-10-16,74.02,4.30433532695801,0.007049920739219395
2024-10-17,74.06,4.304875575485466,0.0005402485274563773
2024-10-18,74.82,4.31508522892,0.010209653434533728
2024-10-21,74.26,4.307572448748934,-0.007512780171065714
2024-10-22,73.28,4.294287720365875,-0.013284728383059274
2024-10-23,72.69,4.286203823496544,-0.008083896869330864
2024-10-24,72.52,4.283862385886651,-0.002341437609893582
2024-10-25,72.79,4.287578583130166,0.0037161972435155732
2024-10-28,73.0,4.290459441148391,0.0028808580182246857
2024-10-29,73.68,4.299731391947051,0.009271950798660278
2024-10-30,73.4,4.29592393562047,-0.0038074563265810824
2024-10-31,72.9,4.289088639014612,-0.006835296605857799
2024-11-01,73.65,4.299324142908639,0.01023550389402672
2024-11-04,73.39,4.295787686556971,-0.0035364563516679937
2024-11-05,74.53,4.311201728893603,0.015414042336631795
2024-11-06,75.47,4.323735226296777,0.01253349740317411
2024-11-07,75.86,4.3288895362607525,0.005154309963975479
2024-11-08,75.15,4.319486116198983,-0.009403420061769197
2024-11-11,75.47,4.323735226296777,0.004249110097793718
2024-11-12,73.93,4.3031186995690085,-0.02061652672776848
2024-11-13,73.53,4.297693486208131,-0.005425213360877201
2024-11-14,73.17,4.292785500895938,-0.004907985312192942
2024-11-15,71.73,4.272909070138343,-0.01987643075759493
2024-11-18,71.35,4.267597343922845,-0.005311726215498247
2024-11-19,70.91,4.261411467315905,-0.006185876606940255
2024-11-20,81.98,4.406475315076191,0.14506384776028636
2024-11-21,80.25,4.385146762010125,-0.02132855306606629
2024-11-22,80.55,4.388878109622984,0.0037313476128586487
2024-11-25,80.3,4.385769620952716,-0.003108488670267917
2024-11-26,80.33,4.386143150185721,0.00037352923300559837
2024-11-27,78.2,4.359269647551265,-0.02687350263445598
2024-11-29,78.32,4.360802998222255,0.001533350670989364
2024-12-02,80.47,4.387884444158042,0.027081445935786874
2024-12-03,79.63,4.377390906269353,-0.010493537888688564
2024-12-04,80.47,4.387884444158042,0.010493537888688564
2024-12-05,79.32,4.373490303651595,-0.014394140506446718
2024-12-06,79.15,4.371344786327021,-0.002145517324573909
2024-12-09,79.4,4.37449836825309,0.0031535819260692932
2024-12-10,79.39,4.374372415737022,-0.00012595251606839497
2024-12-11,79.91,4.380901001386372,0.006528585649349772
2024-12-12,80.25,4.385146762010125,0.00424576062375337
2024-12-13,79.18,4.371723741677985,-0.013423020332139934
2024-12-16,77.91,4.355554314342767,-0.016169427335218423
2024-12-17,78.47,4.362716386139382,0.007162071796614988
2024-12-18,77.17,4.346010780469512,-0.016705605669869783
2024-12-19,77.47,4.349890764643811,0.0038799841742989116
2024-12-20,77.29,4.34756458111878,-0.0023261835250307783
2024-12-23,77.62,4.35182512594076,0.004260544821979906
2024-12-24,78.28,4.360292142527875,0.00846701658711524
2024-12-26,78.59,4.364244464878084,0.0039523223502087035
2024-12-27,78.48,4.362843815257108,-0.001400649620975969
2024-12-30,78.06,4.357477761752469,-0.005366053504638479
2024-12-31,78.1,4.35799005684564,0.0005122950931708559
2025-01-02,77.79,4.354012888218683,-0.003977168626957628
2025-01-03,78.19,4.359141762136423,0.005128873917739973
2025-01-06,78.12,4.358246106008478,-0.0008956561279447328
2025-01-07,77.72,4.353112624509239,-0.005133481499238535
2025-01-08,77.11,4.345232973844869,-0.007879650664370352
2025-01-10,76.37,4.335589948900293,-0.009643024944575807
2025-01-13,78.65,4.365007629504287,0.02941768060399408
2025-01-14,79.2,4.37197629882038,0.006968669316092857
2025-01-15,81.34,4.398637900479079,0.026661601658698686
2025-01-16,80.99,4.3943256902608985,-0.00431221021818029
2025-01-17,81.27,4.397776944765114,0.003451254504215129
2025-01-21,81.48,4.400357591358605,0.0025806465934916645
2025-01-22,80.96,4.3939552055391555,-0.006402385819449741
2025-01-23,80.44,4.387511564904451,-0.006443640634704373
2025-01-24,79.71,4.378395048439832,-0.009116516464619195
2025-01-27,81.08,4.395436321583799,0.017041273143966862
2025-01-28,80.61,4.38962271129551,-0.005813610288289084
2025-01-29,80.63,4.389870788696931,0.0002480774014212983
2025-01-30,87.32,4.4695795316817435,0.07970874298481245
2025-01-31,83.73,4.4275973362163406,-0.04198219546540294
2025-02-03,84.14,4.432482078162375,0.004884741946034055
2025-02-04,84.36,4.435093355610574,0.002611277448199445
2025-02-05,84.45,4.436159643253809,0.001066287643235242
2025-02-06,84.43,4.435922788681409,-0.00023685457240052443
2025-02-07,83.86,4.429148741742616,-0.006774046938792466
2025-02-10,84.51,4.436869870556391,0.007721128813774847
2025-02-11,83.51,4.424966385165138,-0.011903485391252744
2025-02-12,82.98,4.418599614904722,-0.00636677026041621
2025-02-13,84.28,4.434144588935989,0.015544974031266534
2025-02-14,83.75,4.427836170705175,-0.006308418230813295
2025-02-18,84.5,4.436751534363128,0.008915363657952646
2025-02-19,83.37,4.423288532422522,-0.013463001940605679
2025-02-20,82.32,4.410614091525794,-0.012674440896728534
2025-02-21,81.57,4.401461547312489,-0.009152544213304914
2025-02-24,81.4,4.399375273008495,-0.0020862743039939957
2025-02-25,81.69,4.4029315953537775,0.003556322345282581
2025-02-26,81.59,4.401706705440709,-0.001224889913068239
2025-02-27,81.07,4.395312978999615,-0.006393726441094039
2025-02-28,81.61,4.401951803481151,0.006638824481536076
2025-03-03,80.88,4.392966574712216,-0.008985228768935372
2025-03-04,80.64,4.3899948043230586,-0.002971770389157413
2025-03-05,82.2,4.409155302062135,0.01916049773907602
2025-03-06,82.5,4.412798293340635,0.0036429912785003182
2025-03-07,83.35,4.423048609196803,0.01025031585616798
2025-03-10,82.01,4.40684119104832,-0.01620741814848259
2025-03-11,81.81,4.404399485525607,-0.002441705522713278
2025-03-12,81.22,4.397161522258152,-0.007237963267455072
2025-03-13,80.0,4.382026634673881,-0.015134887584270729
2025-03-14,81.93,4.4058652241537235,0.023838589479842298
2025-03-17,82.17,4.408790271943096,0.002925047789372748
2025-03-18,82.28,4.4101280647847565,0.0013377928416602458
2025-03-19,82.56,4.4135253017332525,0.0033972369484960296
2025-03-20,81.87,4.405132623388357,-0.008392678344895543
2025-03-21,80.79,4.391853195491617,-0.013279427896740081
2025-03-24,81.62,4.402074329977659,0.010221134486042338
2025-03-25,81.5,4.400603020246817,-0.0014713097308423073
2025-03-26,81.74,4.403543478136132,0.0029404578893146294
2025-03-27,81.63,4.402196841463264,-0.001346636672867163
2025-03-28,79.91,4.380901001386372,-0.02129584007689278
2025-03-31,80.31,4.38589414620037,0.004993144813998818
2025-04-01,80.63,4.389870788696931,0.003976642496560601
2025-04-02,81.21,4.397038392294319,0.007167603597387995
2025-04-03,77.64,4.35208275830081,-0.0449556339935091
2025-04-04,72.49,4.283448621312786,-0.0686341369880239
2025-04-07,70.06,4.249352017769341,-0.03409660354344535
2025-04-08,69.36,4.239310332472287,-0.01004168529705396
2025-04-09,74.36,4.308918162853243,0.06960783038095641
2025-04-10,72.56,4.2844138058068815,-0.02450435704636167
2025-04-11,73.38,4.295651418927136,0.011237613120254508
2025-04-14,74.03,4.304470416455007,0.008818997527870742
2025-04-15,73.94,4.303253953508486,-0.0012164629465205579
2025-04-16,72.13,4.278470046515581,-0.024783906992905003
2025-04-17,71.97,4.276249365519713,-0.0022206809958680296
2025-04-21,70.67,4.258021154702763,-0.018228210816950252
2025-04-22,72.72,4.286616449869223,0.02859529516646031
2025-04-23,73.8,4.301358731606427,0.014742281737203378
2025-04-24,75.79,4.327966357823938,0.026607626217511005
2025-04-25,75.75,4.327438444389479,-0.0005279134344586822
2025-04-28,76.02,4.330996463561102,0.00355801917162335
2025-04-29,76.4,4.335982696172475,0.004986232611372543
2025-04-30,76.79,4.3410744233424525,0.0050917271699777444
2025-05-01,76.18,4.333098961050458,-0.007975462291994084
2025-05-02,74.87,4.315753276242594,-0.01734568480786436
2025-05-05,74.71,4.31361395198771,-0.0021393242548839453
2025-05-06,74.26,4.307572448748934,-0.006041503238775725
2025-05-07,73.44,4.296468746312235,-0.011103702436699336
2025-05-08,74.98,4.317221411307766,0.020752664995530523
2025-05-09,75.34,4.322011202263895,0.004789790956129636
2025-05-12,77.72,4.353112624509239,0.031101422245344068
2025-05-13,77.58,4.351309662011821,-0.0018029624974182923
2025-05-14,76.95,4.343155860284888,-0.008153801726932919
2025-05-15,77.24,4.346917457560314,0.0037615972754254656
2025-05-16,77.57,4.3511807545027805,0.004263296942466965
2025-05-19,76.93,4.342895917470844,-0.008284837031936831
2025-05-20,76.83,4.341595188879544,-0.0013007285912998157
2025-05-21,75.76,4.327570448877823,-0.01402474000172127
2025-05-22,75.57,4.325059379032629,-0.0025110698451937807
2025-05-23,74.67,4.3130784050476105,-0.011980973985018295
2025-05-27,75.53,4.324529928325356,0.011451523277745679
2025-05-28,74.64,4.312676556539088,-0.011853371786267886
2025-05-29,75.0,4.31748811353631,0.0048115569972218
2025-05-30,74.26,4.307572448748934,-0.009915664787375711
2025-06-02,73.98,4.303794786404308,-0.00377766234462662
2025-06-03,74.96,4.316954637930166,0.013159851525858635
2025-06-04,75.24,4.32068300443283,0.003728366502663505
2025-06-05,74.46,4.310262068444571,-0.010420935988259217
2025-06-06,74.96,4.316954637930166,0.006692569485595712
2025-06-09,75.5,4.324132656254979,0.007178018324812463
2025-06-10,76.49,4.337160013333775,0.013027357078795987
2025-06-11,75.24,4.32068300443283,-0.016477008900944945
2025-06-12,75.23,4.32055008757213,-0.0001329168607000497
2025-06-13,74.02,4.30433532695801,-0.01621476061411986
2025-06-16,75.19,4.320018243389936,0.015682916431925875
2025-06-17,74.06,4.304875575485466,-0.015142667904469498
2025-06-18,73.34,4.29510616264318,-0.009769412842286052
2025-06-20,72.28,4.280547465724028,-0.01455869691915268
2025-06-23,72.98,4.290185431008302,0.009637965284274408
2025-06-24,74.16,4.306224921257599,0.016039490249297295
2025-06-25,74.1,4.3054155323020415,-0.0008093889555578215
2025-06-26,74.82,4.31508522892,0.009669696617958579
2025-06-27,74.05,4.304740540713808,-0.010344688206192387
2025-06-30,74.26,4.307572448748934,0.0028319080351266734
2025-07-01,75.57,4.325059379032629,0.017486930283694413
2025-07-02,76.06,4.331522502500114,0.006463123467485232
2025-07-03,75.56,4.324927042633309,-0.006595459866804987
2025-07-07,74.74,4.314015424057338,-0.010911618575971005
2025-07-08,75.59,4.325323999304086,0.011308575246747665
2025-07-09,75.43,4.323205073865539,-0.002118925438546526
2025-07-10,75.68,4.326513924743623,0.0033088508780840797
2025-07-11,75.17,4.319752215189378,-0.0067617095542455985
2025-07-14,75.13,4.319219946381069,-0.0005322688083087002
2025-07-15,74.34,4.308649164869106,-0.010570781511963112
2025-07-16,75.01,4.317621437981545,0.00897227311243931
2025-07-17,75.62,4.325720798462787,0.008099360481241824
2025-07-18,75.35,4.3221439250725044,-0.0035768733902825645
2025-07-21,75.11,4.31895370569792,-0.003190219374584302
2025-07-22,76.61,4.33872761652873,0.019773910830809704
2025-07-23,76.79,4.3410744233424525,0.0023468068137226794
2025-07-24,76.33,4.335066045810379,-0.006008377532073617
2025-07-25,76.36,4.335458998857547,0.00039295304716802093
2025-07-28,76.2,4.333361462692601,-0.0020975361649462343
2025-07-29,76.09,4.331916850188431,-0.0014446125041693847
2025-07-30,75.73,4.327174383125731,-0.004742467062699873
2025-07-31,75.34,4.322011202263895,-0.005163180861836203
2025-08-01,70.09,4.249780130512233,-0.07223107175166188
2025-08-04,72.38,4.281930018135596,0.032149887623362794
2025-08-05,72.59,4.284827171296749,0.002897153161153021
2025-08-06,72.34,4.281377226523952,-0.0034499447727975863
2025-08-07,71.98,4.276388302650885,-0.0049889238730669305
2025-08-08,72.56,4.2844138058068815,0.008025503155996816
2025-08-11,71.78,4.273605885719461,-0.010807920087420264
2025-08-12,72.38,4.281930018135596,0.008324132416134944
2025-08-13,73.72,4.300274132801623,0.01834411466602681
2025-08-14,72.53,4.284000269375321,-0.016273863426301993
2025-08-15,72.81,4.2878533084066195,0.003853039031298522
2025-08-18,73.8,4.301358731606427,0.013505423199807076
2025-08-19,73.8,4.301358731606427,0.0
2025-08-20,73.4,4.29592393562047,-0.00543479598595642
2025-08-21,72.84,4.288265254859407,-0.007658680761062797
2025-08-22,75.62,4.325720798462787,0.03745554360337966
2025-08-25,74.17,4.306359755748467,-0.019361042714320043
2025-08-26,73.03,4.290870315632018,-0.015489440116448705
2025-08-27,72.77,4.287303782358995,-0.0035665332730232535
2025-08-28,72.14,4.278608675475393,-0.008695106883601866
2025-08-29,71.68,4.272211768666675,-0.0063969068087184056
2025-09-02,72.1,4.278054044290903,0.005842275624228677
2025-09-03,72.36,4.281653660527095,0.0035996162361913164
2025-09-04,72.79,4.287578583130166,0.005924922603071536
2025-09-05,72.64,4.285515734293038,-0.0020628488371281506
2025-09-08,73.29,4.294424173937759,0.008908439644720545
2025-09-09,72.29,4.280685807012206,-0.01373836692555308
2025-09-10,70.94,4.261834449345476,-0.01885135766672974
2025-09-11,72.11,4.2781927309286685,0.016358281583192635
2025-09-12,71.44,4.268857936568244,-0.009334794360424503
2025-09-15,71.8,4.273884476054178,0.005026539485934123
2025-09-16,71.89,4.27513717299578,0.0012526969416022382
2025-09-17,71.45,4.268997904375876,-0.006139268619904215
2025-09-18,72.1,4.278054044290903,0.009056139915027295
2025-09-19,71.58,4.2708157053378795,-0.007238338953023948
2025-09-22,72.38,4.281930018135596,0.011114312797716686
2025-09-23,72.16,4.278885875754368,-0.0030441423812277435
2025-09-24,71.61,4.271234729018849,-0.007651146735519809
2025-09-25,71.4,4.268297869345539,-0.0029368596733094776
2025-09-26,72.39,4.28206816830505,0.01377029895951054
2025-09-29,72.43,4.282620578207235,0.0005524099021849693
2025-09-30,72.37,4.281791848878036,-0.0008287293291981968
2025-10-01,72.17,4.279024447084182,-0.002767401793854596
2025-10-02,71.51,4.2698373000603045,-0.009187147023877351
2025-10-03,71.26,4.26633516017769,-0.0035021398826140526
2025-10-06,72.67,4.2859286446285445,0.01959348445085407
2025-10-07,69.93,4.247494741715776,-0.038433902912768936
2025-10-08,71.01,4.262820712194002,0.01532597047822648
2025-10-09,70.09,4.249780130512233,-0.013040581681768693
2025-10-10,68.15,4.221711158142542,-0.028068972369691636
2025-10-13,68.74,4.230331271421687,0.008620113279145691
2025-10-14,69.11,4.235699438103303,0.005368166681615882
2025-10-15,68.8,4.231203744939298,-0.004495693164005665
2025-10-16,68.18,4.222151266709757,-0.009052478229540917
2025-10-17,68.75,4.230476736546681,0.00832546983692417
2025-10-20,68.79,4.2310583855379225,0.000581648991241579
2025-10-21,69.58,4.242477169723796,0.011418784185873498
2025-10-22,67.2,4.207673247529104,-0.034803922194692305
2025-10-23,67.59,4.213460043112263,0.005786795583158977
2025-10-24,67.36,4.210051369934071,-0.0034086731781917123
2025-10-27,67.6,4.213607983048918,0.003556613114847451
2025-10-28,66.55,4.197953544841121,-0.01565443820779766
2025-10-29,64.95,4.173617743116608,-0.02433580172451233
2025-10-30,65.66,4.184489912073446,0.010872168956837847
2025-10-31,66.32,4.1944915108270395,0.0100015987535933
2025-11-03,66.37,4.195245147157833,0.0007536363307938387
2025-11-04,64.99,4.174233411906258,-0.021011735251575736
2025-11-05,65.42,4.180828022110238,0.006594610203980444
2025-11-06,65.01,4.174541104216377,-0.006286917893860711
2025-11-07,65.11,4.176078147248771,0.001537043032393548
2025-11-10,65.48,4.181744752502934,0.00566660525416296
2025-11-11,65.77,4.186163807313259,0.004419054810325562
2025-11-12,66.85,4.202451303547952,0.01628749623469261
2025-11-13,65.81,4.186771802468027,-0.015679501079924663
2025-11-14,65.56,4.182965753875629,-0.0038060485923985254
2025-11-17,64.55,4.167440117292651,-0.015525636582977675
2025-11-18,64.96,4.173771695853422,0.006331578560771156
2025-11-19,65.0,4.174387269895637,0.0006155740422144618
2025-11-20,65.51,4.182202802743785,0.00781553284814862
2025-11-21,67.48,4.211831257677767,0.029628454933981807
2025-11-24,66.77,4.201253877869777,-0.010577379807990006
2025-11-25,67.38,4.2103482379784065,0.009094360108629296
2025-11-26,67.0,4.204692619390966,-0.005655618587440792
2025-11-28,67.45,4.211386582653765,0.006693963262799585
2025-12-01,67.14,4.206779991551889,-0.004606591101876667
2025-12-02,66.31,4.194340715380776,-0.01243927617111229
2025-12-03,66.29,4.1940390562533,-0.0003016591274764835
2025-12-04,66.07,4.190714786041794,-0.00332427021150572
2025-12-05,67.0,4.204692619390966,0.013977833349171576
2025-12-08,67.03,4.205140280369866,0.00044766097890036605
2025-12-09,67.49,4.211979438755315,0.006839158385449018
2025-12-10,68.29,4.223763342972998,0.011783904217683272
2025-12-11,67.64,4.21419952403038,-0.009563818942618596
2025-12-12,67.54,4.212720014957422,-0.0014795090729577964
2025-12-15,66.62,4.199004832765533,-0.013715182191888609
2025-12-16,66.8,4.2017030805426,0.0026982477770669533
2025-12-17,67.14,4.206779991551889,0.00507691100928831
2025-12-18,66.76,4.2011040987936346,-0.005675892758254086
2025-12-19,66.25,4.193435464866331,-0.0076686339273033255
2025-12-22,66.24,4.193284510077004,-0.00015095478932725115
2025-12-23,65.99,4.18950321539533,-0.0037812946816737636
2025-12-24,66.18,4.192378302493466,0.0028750870981362198
2025-12-26,65.71,4.1852511209097765,-0.007127181583689968
2025-12-29,65.15,4.176692303570854,-0.008558817338922609
2025-12-30,65.4,4.180522258463153,0.0038299548922990923
2025-12-31,64.22,4.162314688661368,-0.01820756980178473
2026-01-02,63.53,4.1515122352784415,-0.010802453382926736
2026-01-05,63.84,4.1563799531415535,0.00486771786311202
2026-01-06,64.66,4.169142772297287,0.012762819155733851
2026-01-07,64.45,4.165889729385197,-0.00325304291209072
2026-01-08,63.62,4.152927886320998,-0.012961843064198675
2026-01-09,64.35,4.164336934042136,0.01140904772113771
2026-01-12,64.42,4.165424143903053,0.0010872098609171488
2026-01-13,63.81,4.155909917880256,-0.009514226022797168
2026-01-14,63.54,4.15166962884137,-0.004240289038885514
2026-01-15,63.36,4.14883274750617,-0.00283688133519977
2026-01-16,62.48,4.1348465055314305,-0.013986241974739855
2026-01-20,61.64,4.121311010451915,-0.013535495079515236
2026-01-21,62.15,4.12955081795672,0.008239807504804908
2026-01-22,62.69,4.138201945285877,0.008651127329156516
2026-01-23,62.05,4.127940511650616,-0.010261433635260886
2026-01-26,62.12,4.129067998280486,0.0011274866298700559
2026-01-27,61.36,4.116758157059,-0.012309841221485485
2026-01-28,61.19,4.113983777474449,-0.0027743795845509567
2026-01-29,63.03,4.143610803525019,0.029627026050569327
2026-01-30,64.19,4.161847435323687,0.018236631798668412
2026-02-02,64.5,4.1666652238017265,0.004817788478039375
2026-02-03,61.06,4.111856987306732,-0.05480823649499467
2026-02-04,64.48,4.166355098198373,0.05449811089164136
2026-02-05,63.97,4.158414223462046,-0.00794087473632743
2026-02-06,64.85,4.172076910762453,0.013662687300406873
2026-02-09,66.58,4.198404232146879,0.02632732138442595
2026-02-10,68.19,4.222297926532561,0.02389369438568245
2026-02-11,69.09,4.2354100025007035,0.013112075968142456
2026-02-12,66.57,4.198254025612612,-0.03715597688809158
